<litprog>
<object name="popup.h" language="c" item="classes"/>
<object name="popup.cpp" language="c" item="implementation"/>

<format name="index">
<html><head><title>Popup UI framework</title></head>
<body>
<h2>Popup: simple UI framework for wftk or anything else</h2>
<center>
[ <a href="popup.xml">xml source</a> ]
[ <a href="http://www.vivtek.com/wftk/discuss.pl">discussion</a> ]
</center>
<hr/>
The popup UI framework started out as a separate project concept, but <a href="../index.html">wftk</a> subsumed it, as it ultimately
subsumes everything I think of nowadays.  The initial project is a simple popup tool for <a href="http://www.proz.com">ProZ.com</a>,
a translation job bidding database through which I find paying work from time to time.  This tool will provide a lightweight
interface to ProZ in order to pop up new job listings, provide a quick query interface for KudoZ questions (these are questions to
fellow translators; it's a convenient way to get translations for sticky phrases), and also provide a quick query interface for
Web-accessible dictionaries such as EuroDicAutom.
<p/>
I was astounded to realize, when I looked at this file on 30 Sep 2002, that it had actually been <i>more than a year</i> since I'd
touched it last.  The popup to turned out to be one of the motivating factors for the entire <a href="../repmgr/index.html">repository
manager</a> -- to the point where I had imagined it to be a front for the repmgr when I hadn't even thought of the repmgr when I wrote
the little bit I had written.
<p/>
At any rate, having repurposed the popup tool in my imagination, I am now proceeding to complete this repurposing in fact.  The simple
fact of the matter is that the popup tool, as a repmgr front-end, is a darn convenient little beast.  Since the repmgr does all the
work of handling lists and data organization, all the popup tool has to do is to manage windows.  It's a natural (which is why I'm
still a little surprised that I hadn't already written it that way....)
<p/>
The framework itself is based on <a href="http://www.wxwindows.org">wxWindows</a> and is a simple UI from which
to hang the repmgr API.  Effectively it is a general IM client, except that instead of handling
a single kind of unstructured message it is capable of handling structured messages corresponding to structured
interactions with arbitrary systems.  (Note that this means it'd make a <i>fine IM client</i>....)  The repmgr is responsible
for managing local data as well as connections to remote repositories.  Remote access can be based on synchronization (that
is, I find out about remote changes when I ask) or on a more active subscription model, whereby the remote manager maintains my
current IP in a session construct and tells me whenever changes are made to its local data.
<p/>
The popup tool is also the logical testbed for the C++ object schema.  This object schema is being developed more or less in parallel
in C++, Python, and Java.
<p/>
That leaves two pages worth of actual program for the framework:
[##itemlist##]

<center>
<hr width="75%"/>
<table width="75%"><tr><td><font size="-1">
This code and documentation are released under the terms of the GNU license.  They are
copyright (c) 2002, Vivtek.  All rights reserved except those explicitly
granted under the terms of the GNU license.  This presentation was prepared with 
<a href="http://www.vivtek.com/lpml.html">LPML</a>.  Try literate programming.
You'll like it.
</font></td></tr></table>
</center>
</body></html>
</format>

<format name="default">
<html><head><title>Popup UI framework: [##label##]</title></head>
<body>
<h2>[##label##]</h2>
<center>
[<nbsp/><a href="[##prev##]">Previous: [##prevlabel##]</a><nbsp/>]
[<nbsp/><a href="index.html">Top: [##indexlabel##]</a><nbsp/>]
[<nbsp/><a href="[##next##]">Next: [##nextlabel##]</a><nbsp/>]
</center>

<hr/>
[##body##]


<center>
[<nbsp/><a href="[##prev##]">Previous: [##prevlabel##]</a><nbsp/>]
[<nbsp/><a href="index.html">Top: [##indexlabel##]</a><nbsp/>]
[<nbsp/><a href="[##next##]">Next: [##nextlabel##]</a><nbsp/>]
<br/><br/><hr width="75%"/>
<table width="75%"><tr><td><font size="-1">
This code and documentation are released under the terms of the GNU license.  They are
copyright (c) 2002, Vivtek.  All rights reserved except those explicitly
granted under the terms of the GNU license.
</font></td></tr></table>
</center>
</body></html>
</format>

<item name="index" label="popup UI framework" format="index">
</item>

<item name="classes" label="Class outline">
Now, as you may well glean from this code, I don't normally work in C++.  In fact, this will be the <i>first</i> serious program I will
ever have written from scratch in C++.  I've done MFC work, where the MFC Wizard generates a bunch of stupid code that you mostly don't
use, then you plug some stuff into it -- but I've never just plain <i>written C++</i> if you know what I mean.
<p/>
But wxWindows is a C++ library.  So here goes.
<p/>
The first thing we do is to plan our classes.  In a wxWindows app, there are at least two classes; one is the application itself (inherits
from wxApp) and the other is a frame (inherits from wxFrame).  The child windows of the frame are of various types and can be arranged either
by giving them fixed positions, or declaring a sizer and letting it manage things.  I'm doing the latter, and for general rich-text kinds
of things I'm using wxHtmlWindow, which is a window class able to display a limited subset of HTML (enough to do most things you want to
do in dialog-like situations anyway.)  Queries and messages are displayed as a modified form of HTML (with embedded special widgets) so
this makes a lot of sense.
<p/>
So let's take care of all our include files first.  Note that this is taken from the Life demo, and so there are provisions made for lots
of compilers that I don't use.  Thus this may or may not work for those compilers.  Under Windows, I always use MSVC++ 5.0 because it works
and I already own it.  Your mileage may vary.
<piece>
#ifndef _POPUP_H_
#define _POPUP_H_

#ifdef __GNUG__
    #pragma interface "life.h"
#endif

// for compilers that support precompilation, includes "wx/wx.h"
#include "wx/wxprec.h"

#ifdef __BORLANDC__
    #pragma hdrstop
#endif

// for all others, include the necessary headers
#ifndef WX_PRECOMP
    #include "wx/wx.h"
#endif

#ifdef __WXMSW__
#include [[wx/msw/taskbar.h>
#endif

</piece>

Now that that's out of the way, let's declare our application class.  For Windows, we want this application to sit quietly in the
system tray, so we'll take care of that first: the system tray icon is a separate frame of class wxToolBarIcon.  Note that off Windows
this doesn't work, so we'll compile it conditionally.

<piece>
#ifdef __WXMSW__
class PopupSystemTrayIcon: public wxTaskBarIcon
{
public:
    PopupSystemTrayIcon() {};

    virtual void OnMouseMove(wxEvent&);
    virtual void OnLButtonDown(wxEvent&);
    virtual void OnLButtonUp(wxEvent&);
    virtual void OnRButtonDown(wxEvent&);
    virtual void OnRButtonUp(wxEvent&);
    virtual void OnLButtonDClick(wxEvent&);
    virtual void OnRButtonDClick(wxEvent&);

    void OnMenuRestore(wxCommandEvent&);
    void OnMenuExit(wxCommandEvent&);
    void OnMenuQuery(wxCommandEvent&);

    void ProcessAdaptor(wxCommandEvent&);

DECLARE_EVENT_TABLE()
};
#endif
</piece>

Now we define the application, which contains the system tray icon as a member (just for neatness).
<piece>
class PopupApp: public wxApp
{
  public:
    bool OnInit();
    int OnExit();

  private:
#ifdef __WXMSW__
    PopupSystemTrayIcon   m_systemtrayicon;
#endif

};

DECLARE_APP(PopupApp)
#endif
</piece>

In case you haven't seen C++ style before, this merely declares the members of the class which implements the application.  The actual
implementations of the functions are in the next file, <a href="implementation.html">here</a>.  Yeah, I'm not used to it, either.  What
object-oriented work I do is Python or Perl, where everything's done at runtime in a single file.
<p/>

Onwards to our main window class.  It defines some handy methods to handle static events (those events known at compile time, and not
associated with dynamically configured adaptors.)

<piece>
class PopupFrame : public wxFrame
{
public:
    PopupFrame();
    ~PopupFrame();

    wxSizer *top_sizer;
    wxHtmlWindow *html;

    // This macro takes care of compile-time events.
    DECLARE_EVENT_TABLE()

    // event handlers
    void OnMenu      (wxCommandEvent& event);
    void OnFileSave  (wxCommandEvent& event);
    void OnFilePrefs (wxCommandEvent& event);
    void OnHide      (wxCommandEvent& event);
    void OnClose     (wxCommandEvent& event);
    void OnQueryList (wxCommandEvent& event);
    void OnHelpAbout (wxCommandEvent& event);

    void ProcessAdaptor (wxCommandEvent& event);

};
</piece>

To handle events defined at runtime (configurable menu entries and controls on messages or queries) we need a special event handler.
This will intercept events not handled by the static event table, and call the appropriate functions.  This is where we part company
with the nice, safe wxWindows demo code and forge our way into the wilderness.

<piece>
class AdaptorEventHandler : public wxEvtHandler
{
   public:
      virtual bool ProcessEvent(wxEvent& event);
};
</piece>

So.  Let's go implement, shall we?

</item>

<item name="implementation" label="Implementation of the classes">
First things first: we #include all the class definitions and such.  Again, this is snarfed straight from the wxWindows demos, so there
is code there to Do Things Right which may or may not work for you, because I haven't tested any of it.

<piece>
#ifdef __GNUG__
#pragma implementation "popup.h"
#endif

// For compilers that support precompilation, includes "wx.h".
#include "wx/wxprec.h"

#ifdef __BORLANDC__
#pragma hdrstop
#endif

#ifndef WX_PRECOMP
#include "wx/wx.h"
#endif

#ifdef __WXMSW__
#include [[wx/msw/taskbar.h>
#endif
#include [[wx/image.h>
#include [[wx/imagpng.h>
#include [[wx/wxhtml.h>

#include "popup.h"

#ifdef __WINDOWS__
#include [[windows.h>
#endif

#include [[stdio.h>
#include [[string.h>
#include [[malloc.h>
#include [[wftk.h>

extern "C" {
  const char * config_get_value (void * session, const char *name);
};

</piece>

(TODO:) That declaration above for config_get_value really has to move into a new wftk session module which I can use here and there.
<p/>

Now some global information.  The first thing is the wftk session.  This app reuses the session and configuration code from the main
wftk, so we establish a session and then read the configuration and attach it.  The config file is assumed to be in the same directory
as the app itself.

<piece>
void * session = NULL;
XML * adaptor_menus = NULL;
</piece>

We'll also need a place to anchor the main frame window.
<piece>
PopupFrame *frame = NULL;
</piece>

And a quick little prototype for the adaptor menu event handler.
<piece>
void ProcessAdaptor (wxEvent& event);
</piece>

So.  Down to business.  First, let's declare the application using the standard wxWindows macro, and then define the constructor, which
doesn't do much except creating the frame, establishing the wftk session and reading the configuration.  The destructor just has to free
the session, and that's it.

<piece>
IMPLEMENT_APP(PopupApp)
bool PopupApp::OnInit()
{
    const char * opt;
    FILE * config;
    XML * xconfig;

    // Get configuration.
    session = wftk_session_alloc ();
    adaptor_menus = xml_create ("menu");
    config = fopen ("config.xml", "r");
    if (config) {
       xconfig = xml_read_error (config);
       if (xml_is (xconfig, "xml-error")) {
          wxMessageBox ("Can't parse config.xml");
          xml_free (xconfig);
       } else {
          wftk_session_configure (session, xconfig);
       }
       fclose (config);
    }

    frame = new PopupFrame();

    opt = config_get_value (session, "popup.startmsg");
    if (*opt) frame->SetStatusText (opt, 0);
    opt = config_get_value (session, "popup.title");
    if (*opt) frame->SetTitle (opt);
    frame->Show(TRUE);
    SetTopWindow(frame);

    // On Windows, set up the system tray icon.
#ifdef __WXMSW__
    wxIcon icon("popup_icon");

    m_systemtrayicon.SetIcon(icon, *opt ? opt : "Popup UI");
#endif

    return TRUE;
}

int PopupApp::OnExit()
{
   //wftk_session_free (session);  // Not sure what the problem is, but it causes a GPF...
   xml_free (adaptor_menus);

   return 0;
}
</piece>

That was painless, wasn't it?  I'm going to have to rebuild the wftk library to split the session code out into its own object file, but
other than that, this is easy reuse.

<p/>

Next, let's define the code for the system tray icon.  It doesn't have to do much, just restore the app and exit.  Note that I'm enumerating
the events for the main frame here as well, because the popup menu handler has to translate from one set of adaptor events to the other,
so it needs to know the value of ID_ADAPTOR...

<piece>
enum {
   ID_FILE_SAVE = 1001,
   ID_FILE_PREFS,
   ID_FILE_HIDE,
   ID_FILE_EXIT,

   ID_QUERY_LIST,
   ID_HELP_ABOUT,

   ID_ADAPTOR,

};

#ifdef __WXMSW__
enum {
    PU_RESTORE = 10001,
    PU_EXIT,
    PU_ADAPTOR,
};





BEGIN_EVENT_TABLE(PopupSystemTrayIcon, wxTaskBarIcon)
    EVT_MENU(PU_RESTORE,    PopupSystemTrayIcon::OnMenuRestore)
    EVT_MENU(PU_EXIT,       PopupSystemTrayIcon::OnMenuExit)
    EVT_MENU(PU_ADAPTOR,    PopupSystemTrayIcon::ProcessAdaptor)
    EVT_MENU(PU_ADAPTOR+1,  PopupSystemTrayIcon::ProcessAdaptor)
    EVT_MENU(PU_ADAPTOR+2,  PopupSystemTrayIcon::ProcessAdaptor)
    EVT_MENU(PU_ADAPTOR+3,  PopupSystemTrayIcon::ProcessAdaptor)
    EVT_MENU(PU_ADAPTOR+4,  PopupSystemTrayIcon::ProcessAdaptor)
    EVT_MENU(PU_ADAPTOR+5,  PopupSystemTrayIcon::ProcessAdaptor)
    EVT_MENU(PU_ADAPTOR+6,  PopupSystemTrayIcon::ProcessAdaptor)
    EVT_MENU(PU_ADAPTOR+7,  PopupSystemTrayIcon::ProcessAdaptor)
    EVT_MENU(PU_ADAPTOR+8,  PopupSystemTrayIcon::ProcessAdaptor)
    EVT_MENU(PU_ADAPTOR+9,  PopupSystemTrayIcon::ProcessAdaptor)
    EVT_MENU(PU_ADAPTOR+10, PopupSystemTrayIcon::ProcessAdaptor)
    EVT_MENU(PU_ADAPTOR+11, PopupSystemTrayIcon::ProcessAdaptor)
    EVT_MENU(PU_ADAPTOR+12, PopupSystemTrayIcon::ProcessAdaptor)
    EVT_MENU(PU_ADAPTOR+13, PopupSystemTrayIcon::ProcessAdaptor)
    EVT_MENU(PU_ADAPTOR+14, PopupSystemTrayIcon::ProcessAdaptor)
    EVT_MENU(PU_ADAPTOR+15, PopupSystemTrayIcon::ProcessAdaptor)
    EVT_MENU(PU_ADAPTOR+16, PopupSystemTrayIcon::ProcessAdaptor)
    EVT_MENU(PU_ADAPTOR+17, PopupSystemTrayIcon::ProcessAdaptor)
    EVT_MENU(PU_ADAPTOR+18, PopupSystemTrayIcon::ProcessAdaptor)
    EVT_MENU(PU_ADAPTOR+19, PopupSystemTrayIcon::ProcessAdaptor)
    EVT_MENU(PU_ADAPTOR+20, PopupSystemTrayIcon::ProcessAdaptor)
    EVT_MENU(PU_ADAPTOR+21, PopupSystemTrayIcon::ProcessAdaptor)
    EVT_MENU(PU_ADAPTOR+22, PopupSystemTrayIcon::ProcessAdaptor)
    EVT_MENU(PU_ADAPTOR+23, PopupSystemTrayIcon::ProcessAdaptor)
    EVT_MENU(PU_ADAPTOR+24, PopupSystemTrayIcon::ProcessAdaptor)
    EVT_MENU(PU_ADAPTOR+25, PopupSystemTrayIcon::ProcessAdaptor)
END_EVENT_TABLE()

void PopupSystemTrayIcon::OnMenuRestore(wxCommandEvent& )
{
    frame->Show(TRUE);
}

void PopupSystemTrayIcon::ProcessAdaptor(wxCommandEvent& event)
{
    XML * menu;

    frame->Show(TRUE);
    menu = xml_locf (adaptor_menus, ".menu[%d]", event.GetId() + ID_ADAPTOR - PU_ADAPTOR);
    if (menu) {
      wxMessageBox (xml_attrval (menu, "menu"));
    } else {
      wxMessageBox ("Well, that didn't work.");
    }
}

void PopupSystemTrayIcon::OnMenuExit(wxCommandEvent& )
{
    frame->Close(TRUE);

    // Nudge wxWindows into destroying the dialog, since
    // with a hidden window no messages will get sent to put
    // it into idle processing.
    wxGetApp().ProcessIdle();
}


// Overridables
void PopupSystemTrayIcon::OnMouseMove(wxEvent&)     { }
void PopupSystemTrayIcon::OnLButtonDown(wxEvent&)   { }
void PopupSystemTrayIcon::OnLButtonUp(wxEvent&)     { }
void PopupSystemTrayIcon::OnRButtonDown(wxEvent&)   { }
void PopupSystemTrayIcon::OnRButtonDClick(wxEvent&) { }
void PopupSystemTrayIcon::OnRButtonUp(wxEvent&)
{
    wxMenu      menu;

    menu.Append(PU_RESTORE, "Bring up window");
    menu.AppendSeparator ();

    int query_event = PU_ADAPTOR;
    XML * scratch;

    scratch = xml_firstelem (adaptor_menus);
    while (scratch) {
       if (!strncmp (xml_attrval (scratch, "menu"), "query.", 6)) {
          menu.Append (query_event, config_get_value (session, xml_attrval (scratch, "menu")), config_get_value (session, xml_attrval (scratch, "action")));
          query_event++;
       }

       scratch = xml_nextelem (scratch);
    }

    menu.AppendSeparator ();
    menu.Append(PU_EXIT,    "Exit");

    PopupMenu(&menu);
}

void PopupSystemTrayIcon::OnLButtonDClick(wxEvent&)
{
    frame->Show(TRUE);
}

#endif
</piece>

OK.  Next, we define our frame.  Now, the frame is the main window, which contains the menu among other things.  The menu is actually
dependent upon the configuration, which makes things trickier than the demo code.  Unfortunately, the only way I've been able to get this
to work is by compiling an event table which simply lists a whole lot of numeric events to be used by adaptor menu entries;  this is less
than graceful and will scale poorly, obviously.  Eventually I need to figure out event handling and roll my own, but my initial attempts
seemed to disable handling of many of the frame's natural events, and I don't know why.  And I don't have time to figure it out.

<piece>
BEGIN_EVENT_TABLE(PopupFrame, wxFrame)
    EVT_MENU            (ID_FILE_SAVE,  PopupFrame::OnFileSave)
    EVT_MENU            (ID_FILE_PREFS, PopupFrame::OnFilePrefs)
    EVT_MENU            (ID_FILE_HIDE,  PopupFrame::OnHide)
    EVT_MENU            (ID_FILE_EXIT,  PopupFrame::OnClose)
    EVT_MENU            (ID_QUERY_LIST, PopupFrame::OnQueryList)
    EVT_MENU            (ID_HELP_ABOUT, PopupFrame::OnHelpAbout)
    EVT_MENU            (ID_ADAPTOR,    PopupFrame::ProcessAdaptor)
    EVT_MENU            (ID_ADAPTOR+1,  PopupFrame::ProcessAdaptor)
    EVT_MENU            (ID_ADAPTOR+2,  PopupFrame::ProcessAdaptor)
    EVT_MENU            (ID_ADAPTOR+3,  PopupFrame::ProcessAdaptor)
    EVT_MENU            (ID_ADAPTOR+4,  PopupFrame::ProcessAdaptor)
    EVT_MENU            (ID_ADAPTOR+5,  PopupFrame::ProcessAdaptor)
    EVT_MENU            (ID_ADAPTOR+6,  PopupFrame::ProcessAdaptor)
    EVT_MENU            (ID_ADAPTOR+7,  PopupFrame::ProcessAdaptor)
    EVT_MENU            (ID_ADAPTOR+8,  PopupFrame::ProcessAdaptor)
    EVT_MENU            (ID_ADAPTOR+9,  PopupFrame::ProcessAdaptor)
    EVT_MENU            (ID_ADAPTOR+10, PopupFrame::ProcessAdaptor)
    EVT_MENU            (ID_ADAPTOR+11, PopupFrame::ProcessAdaptor)
    EVT_MENU            (ID_ADAPTOR+12, PopupFrame::ProcessAdaptor)
    EVT_MENU            (ID_ADAPTOR+13, PopupFrame::ProcessAdaptor)
    EVT_MENU            (ID_ADAPTOR+14, PopupFrame::ProcessAdaptor)
    EVT_MENU            (ID_ADAPTOR+15, PopupFrame::ProcessAdaptor)
    EVT_MENU            (ID_ADAPTOR+16, PopupFrame::ProcessAdaptor)
    EVT_MENU            (ID_ADAPTOR+17, PopupFrame::ProcessAdaptor)
    EVT_MENU            (ID_ADAPTOR+18, PopupFrame::ProcessAdaptor)
    EVT_MENU            (ID_ADAPTOR+19, PopupFrame::ProcessAdaptor)
    EVT_MENU            (ID_ADAPTOR+20, PopupFrame::ProcessAdaptor)
    EVT_MENU            (ID_ADAPTOR+21, PopupFrame::ProcessAdaptor)
    EVT_MENU            (ID_ADAPTOR+22, PopupFrame::ProcessAdaptor)
    EVT_MENU            (ID_ADAPTOR+23, PopupFrame::ProcessAdaptor)
    EVT_MENU            (ID_ADAPTOR+24, PopupFrame::ProcessAdaptor)
    EVT_MENU            (ID_ADAPTOR+25, PopupFrame::ProcessAdaptor)
    EVT_MENU            (ID_ADAPTOR+26, PopupFrame::ProcessAdaptor)
    EVT_MENU            (ID_ADAPTOR+27, PopupFrame::ProcessAdaptor)
    EVT_MENU            (ID_ADAPTOR+28, PopupFrame::ProcessAdaptor)
    EVT_MENU            (ID_ADAPTOR+29, PopupFrame::ProcessAdaptor)
    EVT_MENU            (ID_ADAPTOR+30, PopupFrame::ProcessAdaptor)  /* That's *got* to be enough. Stupid way to do this, though. */
    EVT_CLOSE           (               PopupFrame::OnClose)
END_EVENT_TABLE()
</piece>

So.  Let's set up our frame.  This consists entirely of setting up the menus, as the individual queries and messages will define
the actual look of the body of the window.

<piece>
PopupFrame::PopupFrame() : wxFrame((wxFrame *)0, -1, _("Popup UI"), wxPoint(400, 400))
{
    // frame icon
    SetIcon(wxICON(popup_icon));

    // menu bar
    wxMenu *menuFile = new wxMenu("", wxMENU_TEAROFF);
    wxMenu *menuQuery = new wxMenu("", wxMENU_TEAROFF);
    wxMenu *menuMessages = new wxMenu("", wxMENU_TEAROFF);
    wxMenu *menuHelp = new wxMenu("", wxMENU_TEAROFF);

    // Set up static menu items first.
    //menuFile->Append(ID_FILE_SAVE, _("&Save"), _("Save the current query"));
    //menuFile->Append(ID_FILE_PREFS, _("&Preferences"), _("View or change your configuration"));  // We'll implement this later.
    //menuFile->AppendSeparator();
    menuFile->Append(ID_FILE_HIDE, _("&Hide\tAlt-H"), _("Hide in the system tray"));
    menuFile->Append(ID_FILE_EXIT, _("E&xit\tAlt-X"), _("Quit this program"));

    menuQuery->Append(ID_QUERY_LIST, _("&List"), _("List saved query results"));

    menuHelp->Append(ID_HELP_ABOUT, _("&About"), _("About popup framework"));

    // Now the dynamically configured items.
    int query_event = ID_ADAPTOR;
    const char * opt;
    const char * curopt;
    const char * mark;
    XML * scratch = xml_create ("scratch");

    opt = config_get_value (session, "settings.querylist");
    curopt = opt;
    while (*curopt) {
       mark = strchr (curopt, ':');

       scratch = xml_create ("menu");
       xml_set (scratch, "menu", "query.");
       xml_attrncat (scratch, "menu", curopt, mark ? mark - curopt : strlen(curopt));
       xml_set (scratch, "action", xml_attrval (scratch, "menu"));
       xml_attrcat (scratch, "menu", ".menu");
       xml_attrcat (scratch, "action", ".action");

       xml_setnum (scratch, "id", query_event);
       xml_append (adaptor_menus, scratch);
       menuQuery->Append (query_event, config_get_value (session, xml_attrval (scratch, "menu")), config_get_value (session, xml_attrval (scratch, "action")));
       query_event++;

       if (mark) {
          curopt = mark + 1;
       } else break;
    }

    opt = config_get_value (session, "settings.eventlist");
    curopt = opt;
    while (*curopt) {
       mark = strchr (curopt, ':');

       scratch = xml_create ("menu");
       xml_set (scratch, "menu", "event.");
       xml_attrncat (scratch, "menu", curopt, mark ? mark - curopt : strlen(curopt));
       xml_set (scratch, "action", xml_attrval (scratch, "menu"));
       xml_attrcat (scratch, "menu", ".menu");
       xml_attrcat (scratch, "action", ".action");

       xml_setnum (scratch, "id", query_event);
       xml_append (adaptor_menus, scratch);
       menuMessages->Append (query_event, config_get_value (session, xml_attrval (scratch, "menu")), config_get_value (session, xml_attrval (scratch, "action")));
       query_event++;

       if (mark) {
          curopt = mark + 1;
       } else break;
    }

    wxMenuBar *menuBar = new wxMenuBar();
    menuBar->Append(menuFile,     _("&File"));
    menuBar->Append(menuQuery,    _("&Query"));
    menuBar->Append(menuMessages, _("&Messages"));
    menuBar->Append(menuHelp,     _("&Help"));
    SetMenuBar(menuBar);

    // status bar
    CreateStatusBar(2);
    SetStatusText(_("Status message goes here."));

    // Now the HTML window in the body.  Current plan: use this for nearly everything.
    top_sizer = new wxBoxSizer(wxVERTICAL);

    html = new wxHtmlWindow(this, -1, wxDefaultPosition, wxSize(1, 1), wxHW_SCROLLBAR_AUTO);
    html -> SetBorders(0);
    html -> SetPage("<html><body bgcolor=#FFFFFF></body></html>");

    top_sizer -> Add(html, 1, wxEXPAND, 0);

    SetSizer(top_sizer);

    // And set an adaptor event handler.
    //menuQuery->PushEventHandler (new AdaptorEventHandler); /* That's easy! */
                                                  /* Were it not for the fact that it doesn't work... */
}
PopupFrame::~PopupFrame() { }
</piece>

Now some stubs for the missing handlers, and we can test.

<piece>
void PopupFrame::OnMenu(wxCommandEvent& event)
{
    switch (event.GetId())
    {
       default: break;
    }
}
void PopupFrame::OnClose(wxCommandEvent& WXUNUSED(event))     { Destroy(); }
void PopupFrame::OnHide(wxCommandEvent& WXUNUSED(event))      { Show(FALSE); }
void PopupFrame::OnFileSave(wxCommandEvent& WXUNUSED(event))  { }
void PopupFrame::OnFilePrefs(wxCommandEvent& WXUNUSED(event)) { }
void PopupFrame::OnQueryList(wxCommandEvent& WXUNUSED(event))
{
   html->SetPage ("<body bgcolor=#eecc33>This is a query list</body>");
}
void PopupFrame::OnHelpAbout(wxCommandEvent& WXUNUSED(event))
{
   html -> LoadPage("about.html");
}


void PopupFrame::ProcessAdaptor (wxCommandEvent& event)
{
   XML * menu;

   menu = xml_locf (adaptor_menus, ".menu[%d]", event.GetId());
   if (menu) {
     wxMessageBox (xml_attrval (menu, "menu"));
   } else {
     wxMessageBox ("Well, that didn't work.");
   }
}
</piece>

So.  That much should now actually give us a visible program.
</item>



</litprog>


