<litprog>
<object name="pypop.py" language="c" item="pypop"/>


<format name="index">
<html><head><title>PyPop: Python Popup UI framework</title></head>
<body>
<h2>PyPop: Python Popup UI framework</h2>
<center>
[<a href="index.html">wftk-Python</a> ]
[ <a href="http://www.vivtek.com/wftk/discuss.pl">discussion</a> ]
</center>
<hr/>
<p/>
[##body##]

<center>
<hr width="75%"/>
<table width="75%"><tr><td><font size="-1">
This code and documentation are released under the terms of the GNU license.  They are
copyright (c) 2002, Vivtek.  All rights reserved except those explicitly
granted under the terms of the GNU license.  This presentation was prepared with 
<a href="http://www.vivtek.com/lpml.html">LPML</a>.  Try literate programming.
You'll like it.
</font></td></tr></table>
</center>
</body></html>
</format>

<format name="default">
<html><head><title>PyPop: [##label##]</title></head>
<body>
<h2>[##label##]</h2>
<center>
[<nbsp/><a href="[##prev##]">Previous: [##prevlabel##]</a><nbsp/>]
[<nbsp/><a href="index.html">Top: [##indexlabel##]</a><nbsp/>]
[<nbsp/><a href="[##next##]">Next: [##nextlabel##]</a><nbsp/>]
</center>

<hr/>
[##body##]


<center>
[<nbsp/><a href="[##prev##]">Previous: [##prevlabel##]</a><nbsp/>]
[<nbsp/><a href="index.html">Top: [##indexlabel##]</a><nbsp/>]
[<nbsp/><a href="[##next##]">Next: [##nextlabel##]</a><nbsp/>]
<br/><br/><hr width="75%"/>
<table width="75%"><tr><td><font size="-1">
This code and documentation are released under the terms of the GNU license.  They are
copyright (c) 2002, Vivtek.  All rights reserved except those explicitly
granted under the terms of the GNU license.
</font></td></tr></table>
</center>
</body></html>
</format>



<item name="pypop" label="PyPop: Python Popup UI framework" format="index">
My first stab at a <a href="../popup/index.html">simple popup IM-type UI for wftk</a> was based on wxWindows and kind of
bogged down in the fact that I hadn't really thought the whole data management question through (which led to the
<a href="../repmgr/index.html">repository manager</a> in the first place) and also the fact that C++ is just not something
I use every day, whereas Python is starting to be, thanks to wxPython (which makes GUI work <i>so</i> easy to do!)
<p/>
So I thought maybe I could jumpstart development of a workable wftk front-end by moving into Python for prototyping;
my goal with the C++ compiled popup UI is that hopefully it'll be possible to cram an entire popup client with configuration
onto a floppy diskette -- that would be very cool.  Python is far too heavy to make that work, but Python is attractive
for other reasons (for instance, you can easily imagine custom Python code being a repository list itself, allowing the
repository to remote-configure and remote-upgrade its clients.  That'd be a powerful feature!)
<p/>
But one way or the other, I think having a quick popup UI will help me focus on needed functionality for the wftk system as
a whole, and motivate wider acceptance as well.  I think it'll be a useful addition to the toolkit.
<piece>
#######################################################################################################
#
# This is a Python GUI framework for the wftk.
#
# Copyright (c) 2003, Vivtek, and released under the GPL.
#
#######################################################################################################
</piece>

<p/>
We import the wftk OO wrapper, the wxPyWf library of handy wftk/wx UI tools, the command handler for repositories,
and of course wxPython itself.
This presentation is a pretty reasonable overview of the structure of a wxPython program in general.

<piece>
import wftk
import wxpywf
import repmgr_cli
from wxPython.wx import *
</piece>

The core of any wxPython program is at least one class implementing the frame object.  This class provides a central
place to hang all the windows stuff, defines menus and event handlers, and so forth.  The "stock program" consists of a
single such frame class, along with a bunch of handling code, dialog builders/handlers, and so on.

<p/>
The structure of a wxPyWf program, however, deviates somewhat from the norm.  Instead of providing different handler
functions for each menu entry (which is normal), wxPyWf menus are instead given command-line handlers, which they then
call directly to handle menu events.  That makes the frame class a whole lot simpler under wxPyWf.

<p/>
For pypop, most of the logic of the program is thus in two places: first, the startup, where we build the menu structure
for the repository being displayed; and second, a small CLI module which handles commands like "open" and "exit".

<piece>
class main_window(wxFrame):
    def __init__(self, parent, id, title):
        wxFrame.__init__(self, parent, -1, title, size = (500, 500),
                         style=wxDEFAULT_FRAME_STYLE|wxNO_FULL_REPAINT_ON_RESIZE)
        self.CreateStatusBar (1, wxST_SIZEGRIP) 

        m = wftk.xml("""
          [[menubar>
            [[menu label="&amp;Repository">
              [[item cmd="open" label="&amp;Open" help="Open a repository"/>
              [[item cmd="cmd" label="&amp;Cmd" help="View command window"/>
              [[item cmd="list _lists" label="&amp;Show lists" help="Show lists in active repository"/>
              [[item cmd="options" label="&amp;Options" help="View and set user options"/>
              [[separator/>
              [[separator/>
              [[item cmd="exit" label="&amp;Exit" help="Quit the program"/>
            [[/menu>
            [[menu label="&amp;Synch">
              [[menu label="Test second level" help="Additional help">
                [[item cmd="thing" label="&amp;Test thing" help="Wonder if this will show up?"/>
              [[/menu>
              [[item cmd="something else" label="Test, test"/>
            [[/menu>
          [[/menubar>""")

        self.cmdcontext = wftk.xml('<context/>')

        self.menu = wxpywf.menu (m, self, self.cmdcontext, repmgr_cli.cli(None))

        self.control = wxTextCtrl(self, -1, style=wxTE_MULTILINE)
        self.Show(true)
</piece>

Most of the bulk of the actual framework program is thus likely to be opening and scoping out the repository definition, along with
construction of the menu.

<p/>
At any rate, we continue by defining and calling an application object:
<piece>
class App(wxApp):
    def OnInit(self):
        frame = main_window(None, -1, "bing boing")
        self.SetTopWindow(frame)
        return true

app = App(0)
app.MainLoop()
</piece>
And that, in a nutshell, is a wxPython program.
</item>


</litprog>


