<litprog>
<object name="wxpywf.py" language="c" item="wxpywf"/>


<format name="index">
<html><head><title>wxPyWf: wxPython tools for the wftk</title></head>
<body>
<h2>wxPyWf: wxPython tools for the wftk</h2>
<center>
[<a href="index.html">wftk-Python</a> ]
[ <a href="http://www.vivtek.com/wftk/discuss.pl">discussion</a> ]
</center>
<hr/>
<p/>
[##body##]

<center>
<hr width="75%"/>
<table width="75%"><tr><td><font size="-1">
This code and documentation are released under the terms of the GNU license.  They are
copyright (c) 2003, Vivtek.  All rights reserved except those explicitly
granted under the terms of the GNU license.  This presentation was prepared with 
<a href="http://www.vivtek.com/lpml.html">LPML</a>.  Try literate programming.
You'll like it.
</font></td></tr></table>
</center>
</body></html>
</format>

<format name="default">
<html><head><title>Repository manager: [##label##]</title></head>
<body>
<h2>[##label##]</h2>
<center>
[<nbsp/><a href="[##prev##]">Previous: [##prevlabel##]</a><nbsp/>]
[<nbsp/><a href="index.html">Top: [##indexlabel##]</a><nbsp/>]
[<nbsp/><a href="[##next##]">Next: [##nextlabel##]</a><nbsp/>]
</center>

<hr/>
[##body##]


<center>
[<nbsp/><a href="[##prev##]">Previous: [##prevlabel##]</a><nbsp/>]
[<nbsp/><a href="index.html">Top: [##indexlabel##]</a><nbsp/>]
[<nbsp/><a href="[##next##]">Next: [##nextlabel##]</a><nbsp/>]
<br/><br/><hr width="75%"/>
<table width="75%"><tr><td><font size="-1">
This code and documentation are released under the terms of the GNU license.  They are
copyright (c) 2003, Vivtek.  All rights reserved except those explicitly
granted under the terms of the GNU license.
</font></td></tr></table>
</center>
</body></html>
</format>



<item name="wxpywf" label="wxPyWf: wxPython tools for the wftk" format="index">
The wxPyWf is a set of handy-dandy classes to facilitate the building of quick wxPython GUI applications
using the tools in the wftk.  These roughly fall into two categories: those which simply use the XMLAPI
to do XML kinds of things (like menu and dialog definers), and those which use wxPython to present
truly workflow-specific things (like ... don't know yet.)
<piece>
#######################################################################################################
#
# The wxPyWf is a set of classes to facilitate the building of quick wxPython GUI apps using wftk.
# More information at http://www.vivtek.com/wftk/doc/code/python
#
# Copyright (c) 2003, Vivtek, and released under the GPL.
#
#######################################################################################################
</piece>

We import the wftk OO classes, and some wxPython stuff.
<piece>
import wftk
from wxPython.wx import *
</piece>

<p/>
First and foremost of the wxPyWf classes is the XML-defined menu.  I'm departing from the norm in
my GUI design tools here, to a certain extent, in that menu events do not directly invoke a handling
procedure; rather, each menu event is used to construct a command, which is then handed off to a
command-line interface handler (a CLI object).  This has some awfully nice consequences: we can build
macros rather easily, we can log all actions taken by the user, and we can share a common CLI between
GUI and server-side code.
<p/>
I'm not sure whether it will make sense for dialogs to work in the same way; I rather think that
a dialog will allow the construction of a repmgr list object instead.  That list object may then
be used to specify an action, but it may be used in some other way instead -- and of course it may
have absolutely arbitrarily complex structure.  The dialog generalizes rather well to the notion of
a wizard, so I think this is a solid way to go.
<p/>
Anyway, each class defined in this package is on its own documentation page.  Follow any of the
links below to learn more.
<piece>
<insert name="wxpywf_menu"/>
</piece>
</item>


<item name="wxpywf_menu" label="wxPyWf: menu class">
A menu has a definition (which is an XML document), a command-line handler for its events (or a list thereof),
and of course the window its menu is attached to.  At some point we'll want to work out the difference
between fixed and popup menus (generally the popup menu has a context object, so that'll probably need
some kind of tracking.)
<p/>
Upon creation of the object, we already create and display our menubar and menu items.
<p/>
Different parts of the menu may talk to different CLI objects.
<piece>
class menu(wftk.xml):
</piece>

Upon initialization, we immediately create a menubar and build the menu specified by the XML we're
given.
<p/>
The <code>_iterparent</code> attribute is used for the iteration functions below.
<piece>
   def __init__ (self, defn, window, context, handler):
      self._window = window
      self._context = context
      if handler==None:
         self._handlers = []
      elif type(handler) == type([]):
         self._handlers = handler
      else:
         self._handlers = [handler]
      self.defn = defn.new_copy()


      self.refresh()

      self._window.SetMenuBar (self._menubar)



</piece>

When a menu event occurs, menu_handler is invoked.  This takes the menu ID of the event, and
searches the menu definition for that ID to retrieve the command associated with the menu entry.
Then it tries each handler in its list of handlers until one of them accepts the command.  If
none accepts the command (returns something other than None) then it just does nothing.

<piece>
   def menu_handler (self, event):
      d = self.defn.search(None, "id", `event.GetId()`)
      cmd = d['cmd']
      print "Executing command %s" % cmd
      for h in self._handlers:
         rslt = h.do(self._context, cmd)
         if rslt: break
</piece>

After each action which affects the structure of the XML, the menu structure must be refreshed to
mirror changes back out to the UI.  I had thought of hooking all the XML functions to make sure that
happened automatically, but I don't know whether it's possible to do so (I think it probably isn't.)
Even if I override all the change functions, the location and iteration functions still return 'xml'
objects, not 'menu' objects -- so if I change pieces of XML, I wouldn't invoke my specialized
versions anyway.

<p/>
To cut corners, this initial "refresh" doesn't actually refresh -- it just creates a new menu.
Technically, this will work, as the old menu should be garbage collected, but it seems rather
expensive to me.  Probably I'll regret this.

<p/>
The initial (Oct. 24, 2002) implementation is pretty thin.  Really I should be building wxMenuItem
objects so that the XML can specify fonts and other attributes of fancy menus.  But this will be
relatively easy to pick up later.

<piece>
   def refresh (self):
      self._menubar = wxMenuBar()
      for e in self.defn.elements():
         self.init_menu (self._menubar, e)

   def init_menu (self, parent, d):
      if d.is_a('menu'):
        if d['id'] == '': d['id'] = wxNewId()
        d.menu=wxMenu()
        if d.parent().is_a ('menubar'):
           parent.Append (d.menu, d['label'])
        else:
           parent.AppendMenu (int(d['id']), d['label'], d.menu, d['help'])
           pass
        for e in d.elements():
           self.init_menu (d.menu, e)
        return
      if d.is_a('item'):
        if d['id'] == '': d['id'] = wxNewId()
        parent.Append (int(d['id']), d['label'], d['help'])
        EVT_MENU(self._window, int(d['id']), self.menu_handler)
        return
      if d.is_a('separator'):
        parent.AppendSeparator()
        return
      if d.is_a('break'):
        parent.Break()
</piece>
</item>

</litprog>


