<item id="chair" ver="b" title="Purchase request" file="chair_b.xml"><versions><version id="a" file="chair_a.xml"/><version id="b" file="chair_b.xml"/><version id="c" file="chair_c.xml" owner="michael"/><version id="d" file="chair_d.xml" owner="michael"/><version id="e" file="chair_e.xml" owner="michael"/><version id="g" file="chair_g.xml" owner="anthony"/><version id="h" file="chair_h.xml" owner="demo"/><version id="i" file="chair_i.xml" owner="demo"/><version id="j" file="chair_j.xml" owner="demo"/><version id="k" file="chair_k.xml" owner="demo"/><version id="l" file="chair_l.xml" owner="demo"/><version id="m" file="chair_m.xml" owner="demo"/><version id="n" file="chair_n.xml" owner="demo"/></versions></item>