<item id="tradeshow" ver="a" title="Tradeshow Scenario" owner="michael"><description/><versions><version id="a" file="tradeshow_a.xml"/><version id="b" file="tradeshow_b.xml" owner="anthony"/><version id="c" file="tradeshow_c.xml" owner="anthony"/><version id="d" file="tradeshow_d.xml" owner="michael"/><version id="e" file="tradeshow_e.xml" owner="demo"/><version id="f" file="tradeshow_f.xml" owner="demo"/><version id="g" file="tradeshow_g.xml" owner="demo"/><version id="h" file="tradeshow_h.xml" owner="demo"/><version id="i" file="tradeshow_i.xml" owner="demo"/><version id="j" file="tradeshow_j.xml" owner="demo"/><version id="k" file="tradeshow_k.xml" owner="demo"/><version id="l" file="tradeshow_l.xml" owner="demo"/><version id="m" file="tradeshow_m.xml" owner="demo"/></versions></item>