<litprog>
<object name="wftk.py" language="c" item="wftk_oo"/>


<format name="index">
<html><head><title>wftk: Python OO wrapper</title></head>
<body>
<h2>wftk: Python OO wrapper</h2>
<center>
[<a href="index.html">wftk-Python</a> ]
[ <a href="http://www.vivtek.com/wftk/discuss.pl">discussion</a> ]
</center>
<hr/>
<p/>
[##body##]

<center>
<hr width="75%"/>
<table width="75%"><tr><td><font size="-1">
This code and documentation are released under the terms of the GNU license.  They are
copyright (c) 2002, Vivtek.  All rights reserved except those explicitly
granted under the terms of the GNU license.  This presentation was prepared with 
<a href="http://www.vivtek.com/lpml.html">LPML</a>.  Try literate programming.
You'll like it.
</font></td></tr></table>
</center>
</body></html>
</format>

<format name="default">
<html><head><title>Repository manager: [##label##]</title></head>
<body>
<h2>[##label##]</h2>
<center>
[<nbsp/><a href="[##prev##]">Previous: [##prevlabel##]</a><nbsp/>]
[<nbsp/><a href="index.html">Top: [##indexlabel##]</a><nbsp/>]
[<nbsp/><a href="[##next##]">Next: [##nextlabel##]</a><nbsp/>]
</center>

<hr/>
[##body##]


<center>
[<nbsp/><a href="[##prev##]">Previous: [##prevlabel##]</a><nbsp/>]
[<nbsp/><a href="index.html">Top: [##indexlabel##]</a><nbsp/>]
[<nbsp/><a href="[##next##]">Next: [##nextlabel##]</a><nbsp/>]
<br/><br/><hr width="75%"/>
<table width="75%"><tr><td><font size="-1">
This code and documentation are released under the terms of the GNU license.  They are
additionally copyright (c) 2001, Vivtek.  All rights reserved except those explicitly
granted under the terms of the GNU license.
</font></td></tr></table>
</center>
</body></html>
</format>



<item name="wftk_oo" label="wftk Python OO wrapper" format="index">
This is a set of Python classes for wftk.  It builds on the wrappers for the <a href="py_xmlapi.html">XMLAPI</a>,
the <a href="py_repmgr.html">repository manager</a>, and the <a href="py_wftk.html">wftk core API</a>.
Since Python is indentation-sensitive, and the LPML is indentation-challenged, if you change this source,
be sure not to break up indentation blocks without preserving indentation very carefully.
<p/>
So.  Let's first output a handy comment block.
<piece>
#######################################################################################################
#
# This is a Python implementation of the wftk class schema.  It is the first such implementation.
#
# It's frustrating that my LPML tool can't do Python, due to its inability to preserve indentation.
# Maybe it's time to re-implement LPML....
#
# Copyright (c) 2002, Vivtek, and released under the GPL.
#
#######################################################################################################
</piece>

<p/>
Our importation needs are pretty minimal; we import our wrappers, and that's about it.  Note that the
wftk core wrapper isn't written yet, so we don't import it yet.  (See how this all makes sense?)

<piece>
import repmgr
import xmlapi
from types import *
</piece>

<p/>
The "types" module provides a few handy utilities for talking about types when looking at data coming
in.  Actually, at the moment I don't think I'm using it.  I might take it back out at some point.
<p/>

We define one error, <code>ParseError</code>, which I raise when a parse command results in a parse
error.  The details of the error get passed out of the wrapper, and we toss it right into the error
we raise.  Neat stuff.

<piece>
ParseError = "Error parsing XML"
</piece>

<p/>
The structure of the wftk class schema is pretty simple, and falls into two basic sections: 
low-level local data handling (XML and xmlobj classes) and higher-level system interaction
(starting at the repository class).
<p/>
All data in the wftk is treated as XML data; this is manipulated using the XMLAPI library, which is
wrapped in the "xml" class:
<piece>
<insert name="class_xml"/>
</piece>

Record-like data in the wftk is treated as a special case of XML, the "xmlobj", which defines
field access on top of the XMLAPI library.  The xmlobj class subclasses xml:
<piece>
<insert name="class_xmlobj"/>
</piece>

<p/>
System interaction begins with the <i>repository</i>, which represents a system.  The repository
organizes all its data into lists, each of which have entries.  Most action in a repository happens
at the entry level, since that's where the data is actually stored.  The entry has field values and
optionally can have attached files; when an entry is added, deleted, or changed then the system can
take arbitrary action, either via the publishing machinery (writing pages for later consumption on
a website) or via the workflow machinery (creating tasks, doing data manipulation, sending notification,
and so forth.)
<piece>
<insert name="class_repository"/>
<insert name="class_list"/>
<insert name="class_entry"/>
</piece>

<p/>

Likely further extensions to this class structure are as follows, but I'm feeling this out as I go.
<ul>
<li><b>Task</b>When I retrieve an entry from a list of tasks, the result is not just an entry,
it is a task.  Primarily this means that in addition to doing entry-specific things to it, I can also
complete it, rescind it, and so forth.<br/></li>
<li><b>Process</b>I'm not yet sure that a process requires a separate object.  Each entry in
a list in the repository manager has workflow aspects, and is thus a process (the list in the repmgr
is actually an elaboration on the dsrep of the wftk core API).  So a process object may simply be
superfluous.<br/></li>
<li><b>Query</b>Queries will certainly be required; a query is passed to the repmgr to return
selected ranges of objects.  This may be turned into SQL, or it may be used to search a directory,
or whatever is appropriate for the list adaptor used by the list in question.<br/></li>
<li><b>Attachment</b>Attachments are document-sized, optionally versioned values in entries.
Document management, folks.<br/></li>
<li><b>Procdef</b>It seems really logical to build procdef-specific manipulation into a
nice object, even though there aren't any procdef-specific API calls in the wftk yet.  This sort
of thought is why it's always nice to switch development languages and paradigms.<br/></li>
</ul>

</piece>
</item>


<item name="class_xml" label="xml: XMLAPI data structure">
The XMLAPI datastructure is the internal storage data structure used throughout the wftk.  The original
idea was simply to store data in XML -- but once I started working with the XMLAPI library, it came
to pervade my coding so very much that I simply started using it for everything I do.  Thus all data
moving in or out of the wftk is made up of XMLAPI structures.  The practical upshot of this is that
any non-C wrapper of the wftk must always begin by wrapping the XMLAPI so that it can build data
structures the wftk can work with.
<p/>
Object orientation makes this ever so palatable.  The xml object treats the attributes of an element
as a dictionary, so that I can start with an XML element like this:
<pre>
&lt;xml something="or other"/&gt;
</pre>
and then simply say:
<pre>
&gt;&gt;&gt; x['something'] = 'else'
&gt;&gt;&gt; x['other'] = 'thing'
</pre>
and end up with the following XML:
<pre>
&lt;xml something="else" other="thing"/&gt;
</pre>
That is so extremely cool I still can't get over it (but wait until you see the xmlobj record.)
<p/>
Every class in the wftk should eventually have a docstring.
<piece>
class xml:
   """Implements a convenient class on top of the XMLAPI library.
   """
</piece>

In the initialization routine, we see two things.  First, the xml object may at times not actually
contain any XML.  The XML CObject that the low-level wrapper uses is stored in an <code>_xml</code>
attribute, and if this attribute is <code>None</code>, then we don't actually have any XML on hand.
This makes things inconvenient in a way, as we have to test for None-ness all through the class, but
I don't like the necessity of hanging onto a bunch of CObjects I'm not using, either.
<p/>
The <code>_iterparent</code> attribute is used for the iteration functions below.
<piece>
   def __init__ (self, str=None):
      """Create XML object from optional string input"""
      self._xml = None
      self._iterparent = None
      if str:
         try:
            self.parse (str)
         except ParseError, message:
            raise ParseError, message

</piece>

<piece>
   # --------------------------------------------------------------
   # Formatting XML strings.
   # --------------------------------------------------------------
   def __str__ (self):
      if self._xml == None: return ""
      return xmlapi.xml_string (self._xml)
   def __repr__ (self):
      if self._xml == None: return ""
      return xmlapi.xml_string (self._xml)
   def string (self):
      if self._xml == None: return ""
      return xmlapi.xml_string (self._xml)
   def stringhtml (self):
      if self._xml == None: return ""
      return xmlapi.xml_stringhtml (self._xml)
   def stringcontent (self):
      if self._xml == None: return ""
      return xmlapi.xml_stringcontent (self._xml)
   def stringcontenthtml (self):
      if self._xml == None: return ""
      return xmlapi.xml_stringcontenthtml (self._xml)

   # --------------------------------------------------------------
   # File I/O: Writing to files.
   # --------------------------------------------------------------
   def write (self, file):
      if self._xml == None: return ""
      return xmlapi.xml_write (file, self._xml)
   def writehtml (self, file):
      if self._xml == None: return ""
      return xmlapi.xml_stringhtml (file, self._xml)
   def writecontent (self, file):
      if self._xml == None: return ""
      return xmlapi.xml_stringcontent (file, self._xml)
   def writecontenthtml (self, file):
      if self._xml == None: return ""
      return xmlapi.xml_stringcontenthtml (file, self._xml)
   # xml_output: probably not necessary in Python
   # xml_save: also not terribly necessary

   # --------------------------------------------------------------
   # Reading XML from strings and files.
   # --------------------------------------------------------------
   def parse (self, str):
      try:
         self._xml = xmlapi.xml_parse (str)
      except IOError, message:
         self._xml = None
         raise ParseError, message
   def read (self, file):
      try:
         self._xml = xmlapi.xml_read (file)
      except IOError, message:
         self._xml = None
         raise ParseError, message

   # --------------------------------------------------------------
   # Attribute access (including treating the attributes as a dictionary).
   # --------------------------------------------------------------
   def __getitem__ (self, key):
      if self._xml == None: return ""
      return xmlapi.xml_attrval (self._xml, key)
   def attrval (self, key):
      if self._xml == None: return ""
      return xmlapi.xml_attrval (self._xml, key)
   def __setitem__ (self, key, value):
      if self._xml == None: return
      xmlapi.xml_set (self._xml, key, `value`)
   def set (self, key, value):
      if self._xml == None: return
      xmlapi.xml_set (self._xml, key, `value`)
   def attrlist (self):
      if self._xml == None: return
      return xmlapi.xml_attrlist (self._xml)
   def attrs (self):
      if self._xml == None: return
      return xmlapi.xml_attrs (self._xml)

   # --------------------------------------------------------------
   # Subelement identification and iteration.
   # --------------------------------------------------------------
   def elements (self):   # Returns list of subelements.
      if self._xml == None: return []
      ret = []
      for e in xmlapi.xml_elements (self._xml):
         x = xml()
         x._xml = e
         ret.append (x)
      return ret
   def name (self):
      if self._xml == None: return None
      return xmlapi.xml_name (self._xml)
   def parent (self):
      if self._xml == None: return None
      ret = xmlapi.xml_parent (self._xml)
      if ret:
         x = xml()
         x._xml = ret
         return x
      return None
   def is_element (self):
      if self._xml == None: return None
      return xmlapi.xml_is_element (self._xml)
   def is_a (self, name):
      if self._xml == None: return None
      return xmlapi.xml_is (self._xml, name)
   def first (self):       # Regular C-style iteration functions.
      if self._xml == None: return None
      ret = xmlapi.xml_first (self._xml)
      if ret:
         x = xml()
         x._xml = ret
         return x
      return None
   def firstelem (self):
      if self._xml == None: return None
      ret = xmlapi.xml_firstelem (self._xml)
      if ret:
         x = xml()
         x._xml = ret
         return x
      return None
   def next (self):
      if self._xml == None: return None
      ret = xmlapi.xml_next (self._xml)
      if ret:
         x = xml()
         x._xml = ret
         return x
      return None
   def nextelem (self):
      if self._xml == None: return None
      ret = xmlapi.xml_nextelem (self._xml)
      if ret:
         x = xml()
         x._xml = ret
         return x
      return None
   def prev (self):
      if self._xml == None: return None
      ret = xmlapi.xml_prev (self._xml)
      if ret:
         x = xml()
         x._xml = ret
         return x
      return None
   def prevelem (self):
      if self._xml == None: return None
      ret = xmlapi.xml_prevelem (self._xml)
      if ret:
         x = xml()
         x._xml = ret
         return x
      return None
   def last (self):
      if self._xml == None: return None
      ret = xmlapi.xml_last (self._xml)
      if ret:
         x = xml()
         x._xml = ret
         return x
      return None
   def lastelem (self):
      if self._xml == None: return None
      ret = xmlapi.xml_lastelem (self._xml)
      if ret:
         x = xml()
         x._xml = ret
         return x
      return None

   def iterate (self, parent, type='elem', dir='f'):  # A nice OO kind of iteration paradigm.
      self._iterparent = parent
      self._itertype = type
      self._iterdir = dir
      self._iteration = None
   def iterator (self, type='elem', dir='f'):
      i = xml()
      i.iterate (self, type, dir)
      return i
   def rewind (self):
      self._iteration = None
   def advance (self):
      if not self._iteration:
         self._iteration = 1
         if self._iterdir == 'f':
            if self._itertype == 'elem':
               self._xml = xmlapi.xml_firstelem (self._iterparent._xml)
            else:
               self._xml = xmlapi.xml_first (self._iterparent._xml)
         else:
            if self._itertype == 'elem':
               self._xml = xmlapi.xml_lastelem (self._iterparent._xml)
            else:
               self._xml = xmlapi.xml_last (self._iterparent._xml)
         if self._xml:
            return 1
         return None
      else:
         if not self._xml: return None
         if self._iterdir == 'f':
            if self._itertype == 'elem':
               self._xml = xmlapi.xml_nextelem (self._xml)
            else:
               self._xml = xmlapi.xml_next (self._xml)
         else:
            if self._itertype == 'elem':
               self._xml = xmlapi.xml_prevelem (self._xml)
            else:
               self._xml = xmlapi.xml_prev (self._xml)
         if self._xml:
            return 1
         return None

   # --------------------------------------------------------------
   # Element manipulation.
   # --------------------------------------------------------------
   def create (self, str):
      self._xml = xmlapi.xml_create (str)
   # createtext: TODO: implement
   # createtextf, len, _nodup: not necessary in Python
   # textcat: TODO: implement
   def delete (self):
      if self._xml:
         xmlapi.xml_delete (self._xml)
         self._xml = None
   # delete_pretty: TODO: implement
   # free: not applicable to Py env
   def new_copy (self):
      ret = xml()
      if not self._xml: return ret
      ret._xml = xmlapi.xml_copy (self._xml)
      return ret
   def copy (self, other):
      try:
         if not other._xml:
            self._xml = None
         else:
            self._xml = xmlapi.xml_copy (other._xml)
      except:
         raise TypeError, "object not XML object"
   def copyinto (self, other):
      try:
         if not other._xml:
            pass
         else:
            xmlapi.xml_copyinto (self._xml, other._xml)
      except:
         raise TypeError, "object not XML object"
   def replace (self, other):
      try:
         other._xml = self._xml
         self._xml = None
      except:
         raise TypeError, "object not XML object"
   def replacecontent (self, other):
      try:
         other._xml = self._xml
         self._xml = None
      except:
         raise TypeError, "object not XML object"

   # prepend, prepend_pretty : TODO: implement
   # append, append_pretty: TODO: implement
   # insertafter, insertbefore: TODO: implement

   # --------------------------------------------------------------
   # Finding pieces of XML.
   # --------------------------------------------------------------
   def loc (self, location):
      if not self._xml: return None
      l = xmlapi.xml_loc (self._xml, location)
      if not l: return None
      ret = xml()
      ret._xml = l
      return ret
   # locf: not necessary in Python
   def getloc (self):
      if not self._xml: return None
      return xmlapi.xml_getloc (self._xml)
   # getloc is actually getlocbuf, and getloc is unnecessary (and in fact impossible) in Python
   def search (self, elem, attr, val):
      if not self._xml: return None
      l = xmlapi.xml_search (self._xml, elem, attr, val)
      if not l: return None
      ret = xml()
      ret._xml = l
      return ret
   # search_next: TODO: implement?
   def search_all (self, elem, attr, val):
      if not self._xml: return []
      ret = []
      for result in xmlapi.xml_search_all (self._xml, elem, attr, val):
         r = xml()
         r._xml = result
         ret.append (r)
      return ret

   # -------------------------------------------
   # Binary pointer access
   # -------------------------------------------
   # setbin, getbin: TODO: implement

   # -------------------------------------------
   # UTF8 stuff
   # -------------------------------------------
   # toutf8_attr, toutf8_text, toraw_str: necessary in Py?

   # -------------------------------------------
   # Sorting
   # -------------------------------------------
   # sort: TODO: implement
</piece>
</item>


<item name="class_xmlobj" label="xmlobj: XML-based record object">
The xmlobj class builds on the xml class by defining a way to access named values within an XML
structure.  Note that the idea here is to be as DTD-agnostic as possible, which flies entirely in
the face of all XML common wisdom I've read about.  But the wftk should be able to work with XML
documents generated by diverse tools, so I do things this way.
<p/>
A field, as far as the xmlobj library is concerned, is either a <code>field</code> element with an
"id" attribute of the name in question, <i>or</i> it can be an element named appropriately.  Thus
if I want the "address" value of a record, it may be stored as <code>&lt;field id="address"&gt;value&lt;/field&gt;</code>
or as <code>&lt;address&gt;value&lt;/address&gt;</code>.  Later, this addressing scheme will include
the ability to refer to multiple values for a single field name, allowing us to work with very general
XML structures (and incidentally also allowing us a simple way to store and access LDAP data), but for
the time being only a single value may be returned for a given name.
<p/>
The xmlobj object overrides the handling of indexing from the xml object (which access attributes)
and instead uses the record's named fields as value holders, which is not only very appropriate,
it is extremely, utterly bowling me over and making me wonder where OO has been all my life.  Oh, yeah,
I was waiting for the right moment.
<piece>
class xmlobj(xml):
   """Implements a record object on top of the XML object.  Primarily this has to do with
      the organization of field values, which are normally [[field]] attributes (but needn't be.)
   """
   def __init__ (self, defn=None, str=None):
      """Create XML object from optional string input"""
      self._list = defn
      self._xml = None

      if str:
         try:
            self.parse (str)
         except ParseError, message:
            raise ParseError, message

   # --------------------------------------------------------------
   # Getting and setting the value of the list definition.
   # --------------------------------------------------------------
   def define (self, list):
      self._list = list
   def defn (self):
      return self._list

   # --------------------------------------------------------------
   # Field reading.
   # --------------------------------------------------------------
   def __getitem__ (self, key):
      if self._xml == None: return ""
      return xmlapi.xmlobj_get (self._xml, self._list, key)
   def get (self, field):
      if self._xml == None: return ""
      return xmlapi.xmlobj_get (self._xml, self._list, key)
   def key (self):
      if self._xml == None: return ""
      return xmlapi.xmlobj_getkey (self._xml, self._list)

   # --------------------------------------------------------------
   # Field writing.  Note that we can choose element or field storage.
   # --------------------------------------------------------------
   def __setitem__ (self, key, value):
      if self._xml == None: self._xml = xmlapi.xml_create ("record")
      xmlapi.xmlobj_set (self._xml, self._list, key, value)
   def set (self, key, value):
      if self._xml == None: self._xml = xmlapi.xml_create ("record")
      xmlapi.xmlobj_set (self._xml, self._list, key, value)
   def set_elem (self, key, value):
      if self._xml == None: self._xml = xmlapi.xml_create ("record")
      xmlapi.xmlobj_set_elem (self._xml, self._list, key, value)
</piece>
</item>


<item name="class_repository" label="repository: the system">
The repository object describes the system we're working with.  A repository consists in large part of
a series of <i>lists</i>, or data sources, each of which contains a series of <i>entries</i>, often
referred to as "objects" despite the confusion in an object-oriented context.
<p/>
Lists are named with space-free, punctuation-free strings, and list operations are conducted against
the repository itself.  For convenience, a list object is also defined, but it is not required.
<piece>
class repository:
   """Implements a wftk repository.  Define a repository using either a wftk.xml object or a
      string indicating a filename to read XML from."""
</piece>

Initialization for the repository object calls either repos_open or repos_open_file, depending on what
it's given.  The open_file alternative is the default; this method of opening also makes sure the
current working directory is set to the repository's directory; lots of repository actions use various
filesystem things, and so the repmgr's default mode is filesystem-based.  However, you can also build
your own repository description and pass it in as an XMLAPI structure, in which case you're on your
own as far as the current working directory is concerned.

<piece>
   def __init__ (self, defn='site.opm'):
      """Create and optionally open repository object."""
      self.repos = None
      if defn:
         if type(defn) == type(''): # string = filename
            self.repos = repmgr.open_file (defn)
         elif defn.__class__ == xml:
            self.repos = defn._xml
            repmgr.open (self.repos)
</piece>

A great deal of what the repmgr does is to organize datasources into named lists.  A list may be
stored as lines in a text file, as files in a directory, as records in a table in an RDBMS, or anything
else you want to write or request an adaptor for.  Most of the list manipulation routines are still
vaporware, even in the repmgr C API library, but you can pretty much see what will be possible at some
point.
<p/>
The repmgr defines a number of <i>pseudolists</i> whose names start with underscores (in general, names
starting with underscores are reserved for use by the repmgr; this isn't enforced, but you should probably
avoid calling things names starting with underscores to be on the safe side.)  The most interesting
is <code>_lists</code>, which is the list of lists defined in the repository.
<p/>
There are two ways of querying a list; the first is the "list" method, which returns a list object, which
can be used to iterate around in the results.  It corresponds roughly to a Recordset object in Microsoft's
DAO schema.  The second way of querying a list is the "keys" method, which simply returns a Python list
of keys of entries.  This list can be used to retrieve entries as required.

<piece>
   # --------------------------------------------------------------
   # List manipulation.
   # --------------------------------------------------------------
   def list (self, list='_lists', query=None, order=None):
      if self.repos==None: return []
      return repmgr.list (self.repos, list)
   def keys (self, list='_lists', query=None, order=None):
      if self.repos==None: return []
      return repmgr.list (self.repos, list)
   def defn (self, list='_lists'):
      if self.repos==None: return None
      x = repmgr.defn (self.repos, list)
      if not x: return None
      ret = xml()
      ret._xml = x
      return ret

   #def create
   #def drop
   #def define
</piece>

For entry manipulation, there are two routes to take: you can talk to the repository object directly (which you may
want to do, for instance, when loading an object from a file) or you can create an entry object and talk to it.
The "get" method creates an entry object for us when called; if there is no entry with the key supplied, it will return
<code>None</code>.

<piece>
   # --------------------------------------------------------------
   # Entry manipulation.
   # --------------------------------------------------------------
   def get (self, list, key):
      ret = entry(self, list, key)
      ret.load ()
      if ret.is_element(): return ret
      return None
   #def add
   #def mod
   #def del
   #def merge
   #def getkey
   #def form
   #def edit
   #def display
   #def getvalue
   #def setvalue

   # --------------------------------------------------------------
   # Publishing
   # --------------------------------------------------------------
   #def publish_all
   #def publish_list
   #def publish_obj
   #def publish_pages
   #def publish_page
   #def get_layout

   # --------------------------------------------------------------
   # Change management.
   # --------------------------------------------------------------
   #def changes
   #def snapshot
   #def push
   #def push_all
   #def pull
   #def pull_all
   #def synch
   #def repos_attach
   #def repos_retrieve
</piece>
</item>


<item name="class_list" label="list: a data source">
The list object would almost appear to be a superfluity given the fact that the repmgr API really treats a list name and key as
nearly equivalent <i>coordinates</i> of an entry -- but lists are indeed somewhat privileged, and a useful function for the list
object to fulfill is that it can act as an iterator along a list or query.  I'm probably going to end up conflating the list and
query notions into a single list object -- this is because a list storage in the repository needn't necessarily be the only kind
of list we think of as a "list".  In short, a list should be thought of as <i>any</i> collection of entries, even if it's not
strictly a storage-oriented list defined by the repository.
<p/>
In fact, a list could even be constructed dynamically and simply contain a bunch of otherwise unrelated entries or something.
We'll see what makes the most sense later.  This is fun.
<piece>
class list(xml):
   """Implements a repository manager list.
   """

   #def query
   #def setquery
   #def rewind
   #def advance
   #def current
   #def prev
   #def next
</piece>
</item>


<item name="class_entry" label="entry: an individual list entry">
The <i>entry</i> is the wftk's basic unit of activity.  From a workflow perspective, it is a process which may have active tasks
assigned to users, roles to be filled, interested users, and so forth; from a data management perspective it is a set of named values
which may also include large binary attachments, undergo version control, be published to or listed on a Web page, or represent a
report or query of an external system.  The entry is a complex entity with a lot of functionality packed into it.
<p/>
Each entry in a repository belongs to one named <i>list</i> of entries, and each entry has a unique key in that list.
Configuration is done on a listwise basis, with each list
knowing where and how its entries are stored, default values for fields, where its entries are indexed,
and actions to take on particular events.  The entry object thus needs to know which list it belongs to, which repository it's
stored in (or intends to be stored in at some point), and its key.  The key is a readonly value, however, as it is generated from the
values stored in the entry's fields.  (If you need to store specific keys, the key is simply stored in a named field...)
<p/>
Since a entry is first and foremost a collection of named values, it presents a handy dictionary interface to the world, which is
implemented in the xmlobj object.
<p/>
The <code>_key</code> attribute stores the key of the entry in its list -- if "None" it signifies an entry that hasn't yet been
stored at all.
<piece>
class entry(xmlobj):
   """Implements an active object in a repository.
   """

   def __init__ (self, repository, list, key=None):
      self._repository = repository
      self._listid = list
      self._list = repository.defn (list)
      self._list = self._list._xml
      self._key = key
</piece>

The chief thing we do with entries is retrieve them, add them, modify them, delete them.  However, I suspect that the extension
of the wftk into the object-oriented realm is going to make it easier for me to conceptualize and prototype additional functionality,
and some of those added functions will be things like status management, activation of tasks and such, and things like that.
It's going to be interesting to see where we can go with this whole thing.

<piece>
   def load (self):
      if not self._key: return None
      self._xml = repmgr.get (self._repository.repos, self._listid, self._key)
      if not self._xml: return None
      self._key = repmgr.getkey (self._repository.repos, self._listid, self._xml)
      return self._key
   def save (self):
      if not self._xml: return None
      self._key = repmgr.getkey (self._repository.repos, self._listid, self._xml)
      repmgr.mod (self._repository.repos, self._listid, self._xml, self._key)
      return self._key
   def getkey (self):
      if not self._xml: return None
      self._key = repmgr.getkey (self._repository.repos, self._listid, self._xml)
      return self._key
   def setxml (self, xml):
      self.copy (xml)
   #def attach
   #def retrieve
</piece>
</item>


</litprog>


