<litprog>
<object name="wftk_session.c" language="c" item="wftk_session_c"/>
<object name="wftk_session.h" language="c" item="wftk_session_h"/>

<format name="index">
<html><head><title>wftk context handling</title></head>
<body>
<h2>wftk_session: wftk context handling</h2>
<center>
[ <a href="wftk_engine.zip">download</a> ] [ <a href="wftk_lib.xml">xml source</a> ]
[ <a href="http://www.vivtek.com/wftk/discuss.pl">discussion</a> ]
</center>
<hr/>
<p/>
The context handling machinery of the wftk consists of the session API, the configuration API, and the
adaptor mechanism.  This has all been sort of disorganized up until now (March 2002) and I'm sure that
it will continue to be disorganized henceforth, but hopefully a teensy bit less so.

[##itemlist##]

<center>
<hr width="75%"/>
<table width="75%"><tr><td><font size="-1">
This code and documentation are released under the terms of the GNU license.  They are
additionally copyright (c) 2002, Vivtek.  All rights reserved except those explicitly
granted under the terms of the GNU license.  This presentation was prepared with 
<a href="http://www.vivtek.com/lpml.html">LPML</a>.  Try literate programming.
You'll like it.
</font></td></tr></table>
</center>
</body></html>
</format>

<format name="default">
<html><head><title>wftk context handling: [##label##]</title></head>
<body>
<h2>[##label##]</h2>
<center>
[<nbsp/><a href="[##prev##]">Previous: [##prevlabel##]</a><nbsp/>]
[<nbsp/><a href="wftk_session.html">Top: [##indexlabel##]</a><nbsp/>]
[<nbsp/><a href="[##next##]">Next: [##nextlabel##]</a><nbsp/>]
</center>

<hr/>
[##body##]


<center>
[<nbsp/><a href="[##prev##]">Previous: [##prevlabel##]</a><nbsp/>]
[<nbsp/><a href="wftk_session.html">Top: [##indexlabel##]</a><nbsp/>]
[<nbsp/><a href="[##next##]">Next: [##nextlabel##]</a><nbsp/>]
<br/><br/><hr width="75%"/>
<table width="75%"><tr><td><font size="-1">
This code and documentation are released under the terms of the GNU license.  They are
additionally copyright (c) 2002, Vivtek.  All rights reserved except those explicitly
granted under the terms of the GNU license.
</font></td></tr></table>
</center>
</body></html>
</format>

<item name="wftk_session" label="wftk context handling" format="index">
</item>

<item name="wftk_session_h" label="Include file (and API definition)">
Not much to say about the include file, as always.  It pretty much speaks for itself.
Note that in addition to the earlier public parts of the API (the session functions) this
area now includes functions that were earlier parts of the wftk internals.  At this point
it seems silly to hide them, and indeed the repository manager is what prompted me to
expose them, as the whole session/config/adaptor functionality is pretty useful for
any kind of adaptable application.
<piece>
#ifndef WFTK_SESSION_H
#define WFTK_SESSION_H
#include [[stdio.h>
#include [[string.h>
#include [[stdarg.h>
#include "xmlapi.h"
#include "xmlobj.h"

#ifndef WFTK_EXPORT
#define WFTK_EXPORT
#endif



typedef struct wftk_adaptor WFTK_ADAPTOR;
typedef struct wftk_adaptorlist WFTK_ADAPTORLIST;
typedef XML * (*WFTK_API_FUNC) (WFTK_ADAPTOR * ad, va_list args);
typedef struct wftk_adaptor_list WFTK_ADAPTOR_LIST;
typedef struct wftk_cache_list WFTK_CACHE_LIST;
typedef struct wftk_adaptor_info * (WFTK_ADAPTOR_INFO_FN) (void);
typedef void (*WFTK_ADAPTOR_LOG_FN) (XML *, WFTK_ADAPTOR *, int, const char *);

struct wftk_adaptor {
   int num;                /* Supplied by the adaptor class. */
   XML * parms;            /* Supplied by the caller. */
   int  nfuncs;            /* Supplied by the adaptor class. */
   char ** names;          /* Supplied by the adaptor class. */
   WFTK_API_FUNC * vtab;   /* Supplied by the adaptor driver. */
   void * bindata;         /* Supplied by the adaptor driver (a general stash pointer.) */
   void * session;         /* Supplied by the config module on allocation. */
   WFTK_ADAPTOR_LOG_FN log; /* Supplied by the config module depending on repmgr vs. wftk-bare configuration. */
};
struct wftk_adaptor_info {
   int  nfuncs;
   char ** names;
   WFTK_API_FUNC * vtab;
};
struct wftk_adaptorlist {
   int count; /* The number of adaptors in this list. */
   WFTK_ADAPTOR * ads[1];
};
struct wftk_adaptor_list { /* Note the unfortunate similarity of names.  This one's used internally; the other isn't. */
   WFTK_ADAPTOR * ad;
   WFTK_ADAPTOR_LIST *next;
};
struct wftk_cache_list {
   XML * cached;
   WFTK_CACHE_LIST * next;
};


typedef struct wftk_session WFTK_SESSION;
typedef struct wftk_adaptor_info * (*WFTK_MODULE_LOOKUP_FN) (int adaptor_class, int name_length, const char * adaptor_descriptor);

struct wftk_session {
   WFTK_ADAPTOR_LIST *ads;
   XML * user;
   XML * config;
   XML * datasheet;
   XML * procdef;

   XML * context;

   WFTK_MODULE_LOOKUP_FN static_module_lookup;

   XML * values;
   WFTK_CACHE_LIST * cache;
};

#define DSREP         1
#define DATASTORE     2
#define DATATYPE      3
#define PDREP         4
#define USER          5
#define PERMS         6
#define TASKINDEX     7
#define NOTIFY        8
#define ACTION        9
#define DEBUG_MSG    10
#define LIST         11



WFTK_EXPORT XML  * wftk_session_alloc      ();
WFTK_EXPORT void * wftk_session_init       (XML * session);
WFTK_EXPORT void   wftk_session_cleanup    (XML * session);
WFTK_EXPORT void   wftk_session_current    (XML * session, XML * object);
WFTK_EXPORT void   wftk_session_configure  (XML * session, XML * config);
WFTK_EXPORT void   wftk_session_setlookup  (XML * session, WFTK_MODULE_LOOKUP_FN fn);
WFTK_EXPORT void   wftk_session_setuser    (XML * session, char * userid);
WFTK_EXPORT void   wftk_session_storeuser  (XML * session, XML * user);
WFTK_EXPORT XML  * wftk_session_getuser    (XML * session);
WFTK_EXPORT void   wftk_session_setcontext (XML * session, XML * context);
WFTK_EXPORT XML  * wftk_session_getcontext (XML * session);
WFTK_EXPORT XML  * wftk_session_stashvalue (XML * session, const char * value);
WFTK_EXPORT void   wftk_session_freevalue  (XML * session, const char * value);
WFTK_EXPORT XML  * wftk_session_cache      (XML * session, XML * key, int * found);
WFTK_EXPORT XML  * wftk_session_cachecheck (XML * session, XML * key);

WFTK_EXPORT void               wftk_config_cleanup         (void);
WFTK_EXPORT const char *       wftk_config_get_value       (XML * session, const char *name);
WFTK_EXPORT void               wftk_config_debug_message   (char type, const char * message, ...);


WFTK_EXPORT WFTK_ADAPTOR *     wftk_get_adaptor      (XML * session, int type, const char * name);
WFTK_EXPORT XML *              wftk_call_adaptor     (WFTK_ADAPTOR * ad, const char * funcname, ...);
WFTK_EXPORT void               wftk_free_adaptor     (XML * session, WFTK_ADAPTOR * ad);
WFTK_EXPORT WFTK_ADAPTORLIST * wftk_get_adaptorlist  (XML * session, int type);
WFTK_EXPORT int                wftk_call_adaptorlist (WFTK_ADAPTORLIST * ad, const char * funcname, ...);
WFTK_EXPORT void               wftk_free_adaptorlist (XML * session, WFTK_ADAPTORLIST * list);

#endif
</piece>
</item>


<item name="wftk_session_c" label="Function definitions">
So.  As mentioned above, the context handling functionality falls into three areas: session handling,
configuration management, and adaptor management.  All three of these areas are now going to be munged into
this single object file, because they're really pretty interdependent anyway.  Makes things neat.
<piece>
#include [[stdarg.h>
#include [[stdio.h>
#include [[malloc.h>
#include [[string.h>
#include "wftk_session.h"
#include "time.h"
#include "stdarg.h"
#include "wftk_internals.h"
#include "xmlapi.h"
#include "xmlobj.h"
/*#include "localdefs.h" -- don't know whether I want this or not at this point. */
#ifdef WINDOWS
#include [[windows.h>  /* For DLL machinery for adaptor loading. */
#endif

#ifdef WFTK_WITH_REPMGR
#include "../repmgr/repmgr.h"
#endif

<insert name="wftk_session_handling"/>
<insert name="wftk_config"/>
<insert name="wftk_adaptors"/>
</piece>
</item>


<item name="wftk_session_handling" label="Working with sessions"/>
Up until now (March 2002) the session has been a binary struct which was passed along into all wftk API functions as a void
pointer.  I thought that was pretty slick -- but when I started in on the "../repmgr/index.html" repository manager, I realized
that it was a real pain.  For the repository manager, I already have to pass the repository definition around; passing a binary
session around, too, would make my API look like something Microsoft wrote.  (No offense to the Microsoft crowd.)  The obvious
answer, now that the XMLAPI includes a binary pointer for each XML element, would be to pass an arbitrary XML structure around
with all necessary binary information attached.  So ... that's what I'm doing here.
<p/>
It's a little more complicated than that, however -- the repository manager occasionally needs that binary pointer itself on the
repository definition, so we can't use that one for our wftk session.  Instead, if the XML we get is a wftk-session element, we
assume that its binary pointer should be our session struct.  Otherwise, we do an xml_search for the first wftk-session element
we find, and use that.  If we don't have a wftk-session element, by God we make one and append it to the XML we're given.  Thus we
have a simple way to stash wftk information for whatever arbitrary XML structure is tossed at us as a context.
<p/>
A caveat: the wftk API was originally intended to work fine if you gave it a NULL session.  I've never tested it that way, though,
because frankly it's not very flexible that way, which is why I came up with the session in the first place.
If anybody's interested in a micro-wftk or something that would minimize its
code and memory footprint, that might be a path to pursue.  Dunno.  I'm not interested in it at the moment.
<p/>
To augment the wftk_session_alloc that comes up with a new session from thin air (and which, of course, simply allocated a session
struct earlier) we have a wftk_session_init, which takes an XML structure and enchants it.  It also returns a pointer to the
binary session struct, so it can be used internally for handy-dandy retrieval of the good stuff.  This shouldn't be necessary
from the outside.  But it <i>does</i> mean that an arbitrary XML structure can be used for wftk context without any previous
initialization, if we don't want to mess with it.
<p/>
The old wftk_session_free can now go away, as it will happen automagically when xml_free is called on the context.  That's convenience!
<p/>
I've included a "wftk_session_cleanup" which will remove the session binary (and if there's an extra wftk-session holder, that, too)
from an XML structure.  I don't know whether I'll ever use it, but it can't hurt and I'm on a roll.
<p/>
<i>November 26, 2002</i>: Today I realized that this is the obvious place to stash context information.
So (in support of the repmgr context API) here it is.
<piece>
static void wftk_session_free (WFTK_SESSION * sess);
WFTK_EXPORT XML * wftk_session_alloc ()
{
   WFTK_SESSION * sess;
   XML * ret = xml_create ("wftk-session");

   sess = (WFTK_SESSION *) malloc (sizeof (struct wftk_session));
   memset ((void *) sess, '\0', sizeof (struct wftk_session));
   xml_setbin (ret, sess, (XML_SETBIN_FREE_FN *)wftk_session_free);

   return ret;
}
static void wftk_session_free (WFTK_SESSION * sess)
{
   WFTK_ADAPTOR_LIST * list;
   WFTK_CACHE_LIST * cachelist;
   if (!sess) return;

   while (sess->ads) {
      wftk_free_adaptor (NULL, sess->ads->ad);
      list = sess->ads->next;
      free (sess->ads);
      sess->ads = list;
   }

   while (sess->cache) {
      xml_free (sess->cache->cached);
      cachelist = sess->cache->next;
      free(sess->cache);
      sess->cache = cachelist;
   }

   if (sess->user)      xml_free (sess->user);
   if (sess->context)   xml_free (sess->context);
   if (sess->config)    xml_free (sess->config);
   if (sess->datasheet) xml_free (sess->datasheet);
   if (sess->procdef)   xml_free (sess->procdef);
   if (sess->values)    xml_free (sess->values);
}
WFTK_EXPORT void * wftk_session_init (XML * session)
{
   WFTK_SESSION * sess;
   XML * mark;

   if (!session) return NULL;

   if (!xml_is (session, "wftk-session")) {
      mark = xml_search (session, "wftk-session", NULL, NULL);
      if (!mark) {
         mark = xml_create ("wftk-session");
         xml_prepend (session, xml_createtext ("\n"));
         xml_prepend (session, mark);
         xml_prepend (session, xml_createtext ("\n"));
      }
      session = mark;
   }

   sess = xml_getbin (session);
   if (!sess) {
      sess = (WFTK_SESSION *) malloc (sizeof (struct wftk_session));
      memset ((void *) sess, '\0', sizeof (struct wftk_session));
      xml_setbin (session, sess, (XML_SETBIN_FREE_FN *)wftk_session_free);
   }

   return sess;
}
WFTK_EXPORT void wftk_session_cleanup (XML * session)
{
   XML * mark;
   WFTK_SESSION * sess;

   if (xml_is (session, "wftk-session")) {
      sess = xml_getbin (session);
      if (sess) {
         wftk_session_free (sess);
         xml_setbin (session, NULL, NULL);
      }
   } else {
      mark = xml_search (session, "wftk-session", NULL, NULL);
      if (mark) xml_delete (mark);
   }
}
</piece>

The rest of the session API is pretty much just like the old version, except that it goes through wftk_session_init above to retrieve
the binary session information (as much as it needs, anyway.)
<p/>
The session was originally supposed to hold just the currently used datasheet and procdef, to simplify freeing them up and to avoid
loading them again and again.  But then I realized it's also the only logical place to store the configuration.  So without a session,
you can't have a configuration and you're thrown onto the precompiled values for repository directories and such.  Of course, now the
configuration information is going to be stored in the enclosing context (probably) so this may not even make sense.  I guess we'll
sound it out as we go.

<piece>
WFTK_EXPORT void wftk_session_configure (XML * session, XML * config)
{
   WFTK_SESSION * sess = wftk_session_init (session);
   sess->config = config;
}
WFTK_EXPORT void   wftk_session_setlookup  (XML * session, WFTK_MODULE_LOOKUP_FN fn)
{
   WFTK_SESSION * sess = wftk_session_init (session);
   sess->static_module_lookup = fn;
}
</piece>

The <code>wftk_session_current</code> call associates a workflow object (in XML format) with the current session so that
subsequent calls to the library needn't look the object up again.  Ideally this should be transparent.  That makes freeing
up these objects somewhat confusing -- if you're not using a session, you have to do it yourself; otherwise, the session will
track things for you.  This stuff may get replaced at some point, it's hard to say.  It's been going strong for a year now.

<piece>
WFTK_EXPORT void wftk_session_current (XML * session, XML * object)
{
   WFTK_SESSION * sess = wftk_session_init (session);

   if (!sess) return;
   if (!object) return;

   if (xml_is (object, "datasheet")) {
      sess->datasheet = object;
      return;
   }
   if (xml_is (object, "procdef")) {
      sess->procdef = object;
      return;
   }
}
</piece>

The cache mechanism is kind of weird.  You build an XML element and set a couple of attributes.  This element is now a cache key.
Toss it at the cache, and it will either match completely, in which case the key is discarded and the cached XML is returned, or
it won't, in which case the key is cached as a new structure and you can do with it what you will.  This is probably a dangerous
way of doing things, because if you have a wftk daemon running you've got no good way to clean up the cache or time things out or
really do anything.  So (yet again) this would be a good place to start looking post-v1.0 for things to do.  Sigh.  I can tell that
workflow is going to take the rest of my life.
<p/>
The <code>wftk_session_cachecheck</code> function (get it?) checks for the key but doesn't delete it or cache it, either way.  This
is used to determine whether we're going to need to read something from the filesystem or not.  (In that case, if read, the parser
will return a brand-new XML structure, so it wouldn't be the same one as the key which got cached.  Not practical.)

<piece>
WFTK_EXPORT XML * wftk_session_cache (XML * session, XML * key, int * flag)
{
   WFTK_SESSION * sess = wftk_session_init (session);
   WFTK_CACHE_LIST * list;
   XML_ATTR * attr;

   if (flag) *flag = 0;

   if (!session) return key;
   if (!key) return key;

   return key; /* TODO: figure out whether this is worth saving, and how not to do it wrong. */

   list = sess->cache;
   while (list) {
      if (xml_is (key, xml_name (list->cached))) {
         attr = xml_attrfirst (key);
         while (attr) {
            if (strcmp (xml_attrvalue (attr), xml_attrval (list->cached, xml_attrname(attr)))) break;
            attr = xml_attrnext (attr);
         }
         if (!attr) break;
      }
      list = list->next;
   }

   if (list) {
      if (flag) *flag = 1;
      xml_free (key);
      return list->cached;
   }

   list = sess->cache;
   sess->cache = (WFTK_CACHE_LIST *) malloc (sizeof (WFTK_CACHE_LIST));
   sess->cache->cached = key;
   sess->cache->next = list;

   return key;
}

WFTK_EXPORT XML * wftk_session_cachecheck (XML * session, XML * key)
{
   WFTK_SESSION * sess = wftk_session_init (session);
   WFTK_CACHE_LIST * list;
   XML_ATTR * attr;

   if (!session) return NULL;
   if (!key) return NULL;

   list = sess->cache;
   while (list) {
      if (xml_is (key, xml_name(list->cached))) {
         attr = xml_attrfirst (key);
         while (attr) {
            if (strcmp (xml_attrvalue (attr), xml_attrval (list->cached, xml_attrname(attr)))) break;
            attr = xml_attrnext (attr);
         }
         if (!attr) break;
      }
      list = list->next;
   }

   if (list) {
      return list->cached;  /* Found. */
   }

   return NULL; /* Not found. */
}
</piece>

The <code>wftk_session_setuser</code> creates a user structure and assigns the given userid to it.  More will certainly
be done with this later.  This function is not intended to include authentication of the userid.  The <code>wftk_session_getuser</code>
just returns the user structure with no further ado.  Of course, the caller may then change said structure (providing a
way to do that authentication.)

<piece>
WFTK_EXPORT void wftk_session_setuser (XML * session, char * userid)
{
   WFTK_SESSION * sess = wftk_session_init (session);

   if (!session) return;
   if (sess->user) { xml_free (sess->user); }

   sess->user = xml_create ("user");
   xml_set (sess->user, "id", userid);
}
WFTK_EXPORT void wftk_session_storeuser (XML * session, XML * user)
{
   WFTK_SESSION * sess = wftk_session_init (session);

   if (!session) return;
   if (sess->user) { xml_free (sess->user); }

   sess->user = user;
}
WFTK_EXPORT XML * wftk_session_getuser (XML * session)
{
   WFTK_SESSION * sess = wftk_session_init (session);

   if (!session) return NULL;
   return (sess->user);
}
</piece>

The <code>wftk_session_setcontext</code> takes a context object and places it in the current session,
freeing any previously stored context if necessary.  The <code>wftk_session_getcontext</code> then
simply retrieves a pointer to that context.  A NULL context may be passed.

<piece>
WFTK_EXPORT void wftk_session_setcontext (XML * session, XML * context)
{
   WFTK_SESSION * sess = wftk_session_init (session);

   if (!session) return;
   if (sess->context) { xml_free (sess->context); }

   sess->context = context;
}
WFTK_EXPORT XML * wftk_session_getcontext (XML * session)
{
   WFTK_SESSION * sess = wftk_session_init (session);

   if (!session) return NULL;
   return (sess->context);
}
</piece>

<i>(April 11, 2001)</i> Stashing values in the session is just about the only logical way to handle alternate datastores.
The way this works is that the session is given a (character pointer) value to stash.  It wraps a value XML around that,
thereby copying the value, and tucks that away for later freeing.  Then it returns the value XML.
<p/>

Later, the calling application has the option of freeing up the value for performance's sake (or leaving it there for
cleanup with the session for simplicity's sake.)  We do that by scanning the values <i>by pointer</i> and deleting the
one found (if found).  If we don't find the pointer, we do nothing.  This is C the way it should be (YMMV).

<piece>
WFTK_EXPORT XML * wftk_session_stashvalue (XML * session, const char * value)
{
   WFTK_SESSION * sess = wftk_session_init (session);
   XML * holder;

   if (!sess->values) sess->values = xml_create ("list");

   holder = xml_create ("value");
   xml_set (holder, "value", value);
   xml_append (sess->values, holder);

   return holder;
}

WFTK_EXPORT void wftk_session_freevalue (XML * session, const char * value)
{
   WFTK_SESSION * sess = wftk_session_init (session);
   XML_ATTR * attribute;
   XML * pointer = xml_firstelem (sess->values);

   while (pointer) {
      attribute = xml_attrfirst (pointer);
      while (attribute) {
         if (xml_attrvalue (attribute) == value) { /* Note test of pointer equality! */
            xml_delete (pointer);
            return;
         }
         attribute = xml_attrnext (attribute);
      }
      pointer = xml_nextelem (pointer);
   }
}
</piece>

That's it for session handling.  Onwards to configuration management.
</item>


<item name="wftk_config" label="wftk configuration module" format="default">
When I originally starting building a configuration module, I envisioned a more interchangeable 
module -- Unix configuration is generally compiled in or read from a .conf file somewhere, while
Windows configuration is usually retrieved from the Registry.  But then I started putting all the
configuration information into an XML file, and probably it'll stay there.  I guess you could
still do something else with it, but (like so many aspects of the wftk) this way works.
<p/>
The only remaining drawback is that for statically compiled adaptors, the config module needs
to be recompiled.  That's inconvenient.  I'm not yet sure what the answer is, either; it'll
have something to do with the repository manager and lists of compiled modules, but that's
as far as I've thought it through.
<p/>
And speaking of linking, one of the things we need to do is to keep track of what we've already
loaded dynamically.  To do that, let's define some linked-list things before we get serious
about configuration stuff.

<piece>
struct loaded_library {
   int adaptor_class;
   char adaptor[32]; /* Note the limit on adaptor name.  Since typical names are "localxml" or "oracle"
                        this limit should be quite sufficient. */
   char filename[256]; /* Here we'll build the path to the DLL. */
#ifdef WINDOWS
   HINSTANCE inst; /* This is how we'll do it under Win32.  Under Unix, I still have to learn how... */
#endif
   struct wftk_adaptor_info * ai;
   struct loaded_library * next;
};
struct loaded_library * loaded_libraries = NULL;
</piece>
Now, I'm tempted to put this into the session, so it can be cleaned up when the session unloads.  But
really I think it's session-independent.  This leaves me a little confused as to when it <i>should</i>
be cleaned up.  Oh, what a tangled web we weave.
<p/>
I think the best way to handle this is to create a cleanup function which can be called when the
wftk DLL is unloaded.  If the wftk is statically linked, then we can either call this explicitly, or
we can trust the OS to clean up properly for us when our process is terminated.  Does that make sense?
<p/>
Let's go ahead and define our cleanup:
<piece>
void wftk_config_cleanup ()
{
   struct loaded_library * ll;

   while (loaded_libraries) {
      ll = loaded_libraries;
      loaded_libraries = ll->next;
#ifdef WINDOWS
      FreeLibrary (ll->inst);
#endif
      free (ll);
   }
}
</piece>


<i>Jan 3, 2004</i>: First change of the new year.  I really need a principled way of reporting things that happen in adaptors.
So here's an adaptor logger.  I'm going to pass a pointer to this thing into every adaptor, and it can be used for logging
events properly regardless of whether we're in repmgr or wftk_bare modes.

<piece>
static void wftk_config_adaptor_log (XML * session, WFTK_ADAPTOR * ad, int level, const char * message)
{
#ifndef WFTK_WITH_REPMGR
   if (level < 3) {
      wftk_config_debug_message ('A', "[%d]%s (%d): %s", ad->num, xml_attrval (ad->parms, "spec"), level, message);
   }
#else
   repos_log (session, level, 0, NULL, "adaptor", "class %d %s: %s", ad->num, xml_attrval (ad->parms, "spec"), message);
#endif
}
</piece>


So let's look at the <code>wftk_config_get_adaptor</code> function.
Note a couple of things about this function.  First, if the adaptor descriptor is a null pointer,
that means that the config module should use the system default, and that default must be statically
linked at the moment.  (Later I'll work out how to signify a default DLL in the config structure.)
<p/>
To make the declarations of statically linked adaptors come out right, we need to declare a few functions
for each right here.  So to configure this config module with a new statically linked adaptor, all you
need to do is to declare the functions here, and then add the adaptor into the <code>switch</code> statement
below, and of course link the adaptor to the core engine at link time.

<p/>

And now the function itself.

<piece>
static WFTK_ADAPTOR * wftk_config_get_adaptor (XML * session, int adaptor_class, const char * adaptor_descriptor, int name_length)
{
   char namebuf[64];
   struct loaded_library * library;
   WFTK_ADAPTOR_INFO_FN * func;
   struct wftk_adaptor_info * ai = NULL;
   char * dll_start = "";

   WFTK_ADAPTOR * ret;
   WFTK_SESSION * sess = wftk_session_init (session);

   if (sess->static_module_lookup) ai = (sess->static_module_lookup) (adaptor_class, name_length, adaptor_descriptor);

   if (!ai #^7#^7 name_length) { /* The adaptor isn't statically linked, anyway.  Let's try finding it dynamically, if it's named. */
      switch (adaptor_class) {
         case DSREP:
            dll_start = "DSREP_";
            break;
         case DATASTORE:
            dll_start = "DATASTORE_";
            break;
         case DATATYPE:
            dll_start = "DATATYPE_";
            break;
         case PDREP:
            dll_start = "PDREP_";
            break;
         case USER:
            dll_start = "USER_";
            break;
         case LIST:
            dll_start = "LIST_";
            break;
         case PERMS:
            dll_start = "PERMS_";
            break;
         case TASKINDEX:
            dll_start = "TASKINDEX_";
            if (!name_length) {  /* The default not being a static link, we have to check the config for an explicit name. */
               adaptor_descriptor = (char *) wftk_config_get_value (session, "taskindex.default");
               if (strchr (adaptor_descriptor, ':')) name_length = strchr (adaptor_descriptor, ':') - adaptor_descriptor;
               else                                  name_length = strlen (adaptor_descriptor);
            }
            break;
         case NOTIFY:
            dll_start = "NOTIFY_";
            if (!name_length) {
               adaptor_descriptor = (char *) wftk_config_get_value (session, "notify.default");
               if (strchr (adaptor_descriptor, ':')) name_length = strchr (adaptor_descriptor, ':') - adaptor_descriptor;
               else                                  name_length = strlen (adaptor_descriptor);
            }
            break;
         case ACTION:
            dll_start = "ACTION_";
            break;
         case DEBUG_MSG:
            dll_start = "DEBUG_MSG_";
            break;
         default:
            return (WFTK_ADAPTOR *) 0;
      }

      /* Is this DLL already loaded?  Check the loaded list. */
      library = loaded_libraries;
      strncpy (namebuf, adaptor_descriptor, name_length);
      while (library) {
         if (adaptor_class == library->adaptor_class #^7#^7 !strcmp (namebuf, library->adaptor)) {
            ai = library->ai;
            break;
         }
         library = library->next;
      }

#ifdef WINDOWS
      if (!ai) {
         /* Look for a properly named DLL.  When I figure out dynaloading under Unix this will expand. */
         library = (struct loaded_library *) malloc (sizeof (struct loaded_library));
         library->adaptor_class = adaptor_class;
         strcpy (library->adaptor, namebuf);
         strcpy (namebuf, dll_start);
         strncat (namebuf, adaptor_descriptor, name_length);
         strcat (namebuf, ".dll");
         library->inst = LoadLibrary (namebuf);
         if (!library->inst) {
#ifndef WFTK_WITH_REPMGR
            wftk_config_debug_message ('A', "Failed to load library %s (%d).\n", namebuf, GetLastError());
#else
            repos_log (session, 1, 0, NULL, "adaptor", "Failed to load library %s (%d).", namebuf, GetLastError());
#endif
            free (library);
            return NULL;
         }
         strcpy (namebuf, dll_start);
         strncat (namebuf, adaptor_descriptor, name_length);
         strcat (namebuf, "_get_info");
         func = (WFTK_ADAPTOR_INFO_FN *) GetProcAddress (library->inst, namebuf);
         if (!func) {
#ifndef WFTK_WITH_REPMGR
            wftk_config_debug_message ('A', "Adaptor doesn't export %s.\n", namebuf);
#else
            repos_log (session, 1, 0, NULL, "adaptor", "Adaptor doesn't export %s.", namebuf);
#endif
            free (library);
            return NULL;
         }
         ai = (*func) ();
      }
#endif
   }
   if (!ai) return (WFTK_ADAPTOR *) 0; /* No luck. */

   ret = (WFTK_ADAPTOR *) malloc (sizeof (struct wftk_adaptor) + ai->nfuncs * sizeof (void *));
   if (!ret) return (WFTK_ADAPTOR *) 0;

   ret->num     = adaptor_class;
   ret->parms   = (void *) 0;     /* This will be filled in by the caller. */
   ret->nfuncs  = ai->nfuncs;
   ret->names   = ai->names;
   ret->vtab    = ai->vtab;
   ret->session = session;
   ret->log     = (WFTK_ADAPTOR_LOG_FN) wftk_config_adaptor_log;
   return (ret);
}
</piece>

We need a very similar function in order to return adaptor lists.  Note that for adaptor lists, we don't bother with
all the adaptor classes, because many of them don't even make sense used that way.  Adaptor lists are only used for
notification-like functions (task index, debug messager, etc.)
<p/>
<i>May 28, 2003</i>: So here I am, introducing a repository-manager-specific snippet of code for the big workflow integration
thing.  I don't want to have to explicitly configure the repmgr-driven taskindex to get notification of task events, so when
I'm asked for a taskindex list, I'm going to test whether I can actually get a list:_tasks adaptor or not.  If not, I proceed
as normal.  If so, however, I'm going to make sure that adaptor is there first.

<piece>
static WFTK_ADAPTORLIST * wftk_config_get_adaptorlist (XML * session, int adaptor_class)
{
   const char * spec = "";
   int adaptors = 0;
   int i;
   const char * mark;
   char * mark2;
   char * adaptorbuffer;
   WFTK_ADAPTOR * ad_repmgr = NULL; /* Just to be sure. */
   WFTK_ADAPTORLIST * list;

   switch (adaptor_class) {
      case TASKINDEX:
         spec = wftk_config_get_value (session, "taskindex.always");
         ad_repmgr = wftk_get_adaptor (session, TASKINDEX, "list:");
         break;
      case NOTIFY:
         spec = wftk_config_get_value (session, "notify.always");
         break;
      default:
         return (WFTK_ADAPTORLIST *) 0;
   }

   if (!*spec #^7#^7 !ad_repmgr) return (WFTK_ADAPTORLIST *) 0;

   /* First pass: count semicolons, so we know how large a list structure to allocate. */
   mark = spec;
   adaptorbuffer = (char *) malloc (strlen (spec) + 1);
   do {
      mark = strchr (mark, ';');
      if (!mark) break;
      adaptors++; mark++;
   } while (mark);

   if (ad_repmgr) adaptors++;

   list = (WFTK_ADAPTORLIST *) malloc (sizeof (WFTK_ADAPTOR_LIST) + adaptors * sizeof (WFTK_ADAPTOR *));
   list->count = adaptors;

   if (ad_repmgr) list->ads[0] = ad_repmgr;

   for (i=ad_repmgr ? 1 : 0, mark = spec; i < adaptors; i++) {
      strcpy (adaptorbuffer, mark);
      mark = strchr(mark, ';');
      if (mark) { mark++; while (*mark == ' ') mark++; }
      mark2 = strchr (adaptorbuffer, ';');
      if (mark2) *mark2 = '\0';

      list->ads[i] = wftk_get_adaptor (session, adaptor_class, adaptorbuffer);
   }

   free ((void *) adaptorbuffer);
   return (list);
}
</piece>

OK, with that out of the way, let's look at a simple function to return named values.
Since these named values will be constant, I'm going to take the cheap way out and just return pointers.  This means that
if the pointer is used to write, the workflow system is not going to react in a happy, friendly way, but it's so much
simpler to work with this way.
<p/>
Some of the named values we use will be required only by specific adaptors, so I don't think it makes sense simply to
number them.  So instead of a nice clean <code>switch</code> we need a bunch of string comparisons.  Sorry.  The smarter
config module will presumably just pass this off to some API (the canonical one being the Windows Registry, of course.)
<p/>
This function itself uses the definitions in the localdefs.h file.  That seems weird -- why not just include the values
right here? -- but it's more natural to look for config values in a .h file than in a .c file, so I think that makes more
sense for the time being.  At any rate, with any luck that's going to be superseded relatively quickly anyway.  Right?
<p/>
And wow -- I superseded it before I even finished the release.  It was just too stupid.  The compiled values will still
be there as fallbacks in case you want to run <i>sans</i> config.xml, but we'll go ahead and read config.xml.
<piece>
static XML * config_find_option (XML * xml, const char * name) {
   int len;
   XML * x;
   char * mark = strchr (name, '.');

   if (mark) len = mark - name;
   else      len = strlen (name);

   x = xml_firstelem (xml);
   while (x) {
      if (!strncmp (xml_attrval (x, "name"), name, len) ||
          !strncmp (xml_attrval (x, "id"), name, len)   ||
          !strncmp ("?", name, len)) {
         if (mark) {
            return (config_find_option (x, mark + 1));
         }
         return (x);
      }
      x = xml_nextelem (x);
   }
   return NULL;
}
static XML * config_get_option (XML * session, const char * valuename) {
   WFTK_SESSION * sess = wftk_session_init(session);
   if (sess) {
      if (sess->config) {
         return (config_find_option (sess->config, valuename));
      }
   }
   return NULL;
}
WFTK_EXPORT const char * wftk_config_get_value (XML * session, const char * valuename) {
   XML * mark = config_get_option (session, valuename);
   if (mark) return (xml_attrval (mark, "value"));

   /*if (!strcmp (valuename, "pdrep.localxml.directory")) return PROCDEF_DIRECTORY;
   if (!strcmp (valuename, "dsrep.localxml.directory")) return DATASHEET_DIRECTORY;
   if (!strcmp (valuename, "user.localxml.directory")) return USER_DIRECTORY;
   if (!strcmp (valuename, "group.localxml.directory")) return GROUP_DIRECTORY;
   if (!strcmp (valuename, "taskindex.odbc.?.conn")) return ODBC_CONNECTION;*/
   return "";
}
</piece>

Was that too weird?  I'm sure it'll make sense later.
<p/>

Finally, the debugging message handler.  In this first version, I'm going to get dumb (duh) and simply write to stdout.
Later we can refine this, with debug logging and stuff.  And later still we can get fancy.
<piece>
WFTK_EXPORT void wftk_config_debug_message (char type, const char * message, ...)
{
   va_list arglist;

   va_start (arglist, message);
   printf ("DEBUG %c:", type);
   vprintf (message, arglist);
   printf ("\n");
   va_end (arglist);
}
</piece>

</item>

<item name="wftk_adaptors" label="wftk adaptor code" format="index">
The adaptor mechanism is what I often call (with gender-specific flair) a "poor man's ActiveX".  I've always liked that
whole ActiveX concept of interchangeable modules, even way back when it was still called OLE.  Neat idea.  And since I
incorporated it into wftk, I find that it makes a lot of things very simple to address.  Yeah, I suppose it's just a very
simplified object-orientation knockoff, but I like it.
<p/>
The whole thing is really pretty dumb.  An API consists of a table of functions, a table of names of the
functions, and the number of entries in each table.  Each function takes a vararg list of parameters, and returns an
XML pointer.  There is no error checking done by the adaptor management code, but the adaptor should do some.
<p/>
So.  We've got two main functions to define: <code>wftk_get_adaptor</code> retrieves a pointer to an adaptor structure
by type and name.  The type is an integer defined at compile-time.  The other function, <code>wftk_call_adaptor</code>,
naturally provides a call interface for functions in the API.
<piece>
<insert name=".wftk_get_adaptor"/>
<insert name=".wftk_free_adaptor"/>
<insert name=".wftk_call_adaptor"/>
</piece>
Then we have another set of similar calls which deal in multiple adaptors.  Adaptor lists are used for notification-like
services such as mail; a configuration may specify multiple notification targets for various events.
<piece>
<insert name=".wftk_get_adaptorlist"/>
<insert name=".wftk_free_adaptorlist"/>
<insert name=".wftk_call_adaptorlist"/>
</piece>

<p/>
The way this works is that each type of adaptor has a list of function names that drivers implement.  Each driver has
a list of functions implementing those names.  When the calling program calls <code>wftk_get_adaptor</code>, it first
determines the type of adaptor (using the type number), then splits the specifier on a colon to get the name of the
driver to use.  Anything after that optional colon is passed to the initialization function to build into the arbitrary
parameters (which are of course an in-memory XML structure.  I'm really getting attached to that data structure.)

<p/>
How the actual drivers are found and initialized is up to the config module; statically-linked modules must be specified
using the lookup callback, and DLLs (and hopefully later .so if I ever figure all that out) are found by inspection of the
filesystem.  See above for details.
</item>

<item name="wftk_adaptors.wftk_get_adaptor" label="wftk_get_adaptor(): building an adaptor">
Building an adaptor instance is not a lot more than asking the config module for the pointer, then filling in the
details.  For more information on configuration modules, see the standard module implementation.

<p/>
<i>6 Jan 2004</i>: One of the continual irritations in working with this core-wftk setup in the context of the
repository manager has been that list adaptors don't know their own list IDs (and thus have little information about list layout)
during initialization.  This has led to a number of suboptimalities, and so today I've decided to do away with
it by including a tad more intelligence here.  If the adaptor is a LIST adaptor, then its descriptor may be the
traditional adaptor:parms descriptor of yore, or it may simply be an ID.  If the latter, then we look up the
list definition from the repository (passed in as "session") and the storage on that turns into our adaptor
descriptor.  Easy as cake.  We #ifdef the whole thing in a nod of the head towards the wftk-bare configuration
(I have yet to get serious about that, but still we don't want to break it if we can help it.)
<piece>
WFTK_EXPORT WFTK_ADAPTOR * wftk_get_adaptor (XML * session, int adaptor_class, const char * adaptor_descriptor)
{
   const char * mark;
   WFTK_ADAPTOR * ad;
   WFTK_ADAPTOR_LIST * list;
   XML * list_defn = NULL;
   const char * list_id = NULL;

   WFTK_SESSION * sess = wftk_session_init (session);

   #ifdef WFTK_WITH_REPMGR
   if (adaptor_class == LIST #^7#^7 !strchr (adaptor_descriptor, ':')) {
      list_defn = repos_defn (session, adaptor_descriptor);
      if (list_defn) {
         list_id = adaptor_descriptor;
         adaptor_descriptor = xml_attrval (list_defn, "storage");
         if (!*adaptor_descriptor) adaptor_descriptor = list_id;
      }
   }
   #endif

   /* Maybe we've already got this adaptor in our list? */
   if (session) {
      list = sess->ads;
      while (list) {
         if (list->ad->num == adaptor_class) {
            if (!adaptor_descriptor) return (list->ad);
            if (!strcmp (adaptor_descriptor, xml_attrval (list->ad->parms, "spec"))) return (list->ad);
         }
         list = list->next;
      }
   }

   /* Ask the config module for the initial setup.  If this is an unknown adaptor name, nothing's alloc'd and we return. */
   if (adaptor_descriptor) {
      for (mark = adaptor_descriptor; *mark #^7#^7 *mark != ':'; mark++);
      ad = wftk_config_get_adaptor (session, adaptor_class, adaptor_descriptor, mark - adaptor_descriptor);
   } else {

      ad = wftk_config_get_adaptor (session, adaptor_class, NULL, 0);
   }
   if (!ad) return ((WFTK_ADAPTOR *) 0);

   /* Get the parms structure started.  The adaptor initializer will take it from here. */
   ad->parms = xml_create ("parms");
   if (adaptor_descriptor) {
      if (*mark) mark++;
      xml_set (ad->parms, "parm", mark);
   }

   /* 2004-01-06: here's the cleverness. */
   if (list_id) xml_set (ad->parms, "list", list_id);

   /* Call the initializer. */
   xml_set (ad->parms, "error", "");
   (ad->vtab[0]) (ad, (va_list) 0);
   if (*xml_attrval (ad->parms, "error")) {
#ifndef WFTK_WITH_REPMGR
      wftk_config_debug_message ('A', "[%d]init: %s", adaptor_class, xml_attrval (ad->parms, "error"));
#else
      repos_log (session, 1, 0, NULL, "adaptor", "class %d init: %s", adaptor_class, xml_attrval (ad->parms, "error"));
#endif
      xml_free (ad->parms);
      free (ad);
      return ((WFTK_ADAPTOR *) 0);
   }

   /* Add the new adaptor to the list. */
   if (session) {
      list = malloc (sizeof (WFTK_ADAPTOR_LIST));
      list->next = sess->ads;
      list->ad = ad;
      sess->ads = list;
   }

   /* Return the initialized adaptor. */
   return (ad);
}
</piece>
</item>

<item name="wftk_adaptors.wftk_free_adaptor" label="wftk_free_adaptor(): disposing of an adaptor">
Once we're done with an adaptor, we have to free it.  No free lunch in C.  The only exception
is that if a valid session is passed in, we won't free the adaptor because it's presumed to
be stashed in the session (this means that if NULL is passed in, we <i>do</i> free.)
<piece>
WFTK_EXPORT void wftk_free_adaptor (XML * session, WFTK_ADAPTOR * ad)
{
   if (session) return;

   (ad->vtab[1]) (ad, (va_list) 0);  /* Let the adaptor do whatever it needs to do in order to clean up. */
   xml_free (ad->parms);
   free (ad);
}
</piece>
</item>

<item name="wftk_adaptors.wftk_call_adaptor" label="wftk_call_adaptor(): calling an adaptor function">
The calling of an adaptor, once it's found, is absurdly simple.
<piece>
WFTK_EXPORT XML * wftk_call_adaptor (WFTK_ADAPTOR * ad, const char * function, ...)
{
   va_list argptr;
   XML * retval;
   int func;

   if (!ad) return (XML *) 0;

   for (func = 0; func [[ ad->nfuncs; func++) {
      if (!strcmp (function, ad->names[func])) break;
   }
   if (func == ad->nfuncs) {
#ifndef WFTK_WITH_REPMGR
      wftk_config_debug_message ('A', "[%d]%s: function '%s' unknown", ad->num, xml_attrval (ad->parms, "spec"), function);
#else
      repos_log (ad->session, 1, 0, NULL, "adaptor", "class %d %s: function '%s' unknown", ad->num, xml_attrval (ad->parms, "spec"), function);
#endif
      return ((XML *) 0);
   }

   xml_set (ad->parms, "error", "");

   va_start (argptr, function);
   retval = (ad->vtab[func]) (ad, argptr);
   va_end (argptr);

   if (*xml_attrval (ad->parms, "error")) {
#ifndef WFTK_WITH_REPMGR
      wftk_config_debug_message ('A', "[%d]%s:%s - %s", ad->num, xml_attrval (ad->parms, "spec"), function, xml_attrval (ad->parms, "error"));
#else
      repos_log (ad->session, 1, 0, NULL, "adaptor", "class %d %s, function '%s': %s", ad->num, xml_attrval (ad->parms, "spec"), function, xml_attrval (ad->parms, "error"));
#endif
   }
   return (retval);
}
</piece>
</item>



<item name="wftk_adaptors.wftk_get_adaptorlist" label="wftk_get_adaptorlist(): getting a list of default listeners">
This is pretty easy, as the config module and get_adaptor do most of the work.  Well, actually all the work.
<piece>
WFTK_EXPORT WFTK_ADAPTORLIST * wftk_get_adaptorlist (XML * session, int adaptorclass)
{
   return (wftk_config_get_adaptorlist (session, adaptorclass));
}
</piece>
</item>

<item name="wftk_adaptors.wftk_free_adaptorlist" label="wftk_free_adaptorlist(): freeing an adaptor list">
<piece>
WFTK_EXPORT void wftk_free_adaptorlist (XML * session, WFTK_ADAPTORLIST * list)
{
   int i;
   if (!list) return;

   for (i=0; i [[ list->count; i++) {
      wftk_free_adaptor (session, list->ads[i]);
   }

   free (list);
}
</piece>
</item>

<item name="wftk_adaptors.wftk_call_adaptorlist" label="wftk_call_adaptorlist(): shotgun notification">
Calling a list of adaptors isn't too hard, either; we just iterate down the list and send the stuff out.  If we get
XML return values, we free them all.
<piece>
WFTK_EXPORT int wftk_call_adaptorlist (WFTK_ADAPTORLIST * list, const char * function, ...)
{
   va_list argptr;
   int i;
   XML * retval;
   int func;

   if (!list) return 0;

   va_start (argptr, function);

   for (i=0; i [[ list->count; i++) {
      if (!(list->ads[i])) continue;
      for (func = 0; func [[ list->ads[i]->nfuncs; func++) {
         if (!strcmp (function, list->ads[i]->names[func])) break;
      }
      if (func == list->ads[i]->nfuncs) {
#ifndef WFTK_WITH_REPMGR
         wftk_config_debug_message ('A', "[%d]%s: function '%s' unknown", list->ads[i]->num, xml_attrval (list->ads[i]->parms, "spec"), function);
#else
         repos_log (list->ads[i]->session, 1, 0, NULL, "adaptor", "class %d %s: function '%s' unknown", list->ads[i]->num, xml_attrval (list->ads[i]->parms, "spec"), function);
#endif
      } else {
         xml_set (list->ads[i]->parms, "error", "");

         retval = (list->ads[i]->vtab[func]) (list->ads[i], argptr);

         if (*xml_attrval (list->ads[i]->parms, "error")) {
#ifndef WFTK_WITH_REPMGR
            wftk_config_debug_message ('A', "[%d]%s:%s - %s", list->ads[i]->num, xml_attrval (list->ads[i]->parms, "spec"), function, xml_attrval (list->ads[i]->parms, "error"));
#else
            repos_log (list->ads[i]->session, 1, 0, NULL, "adaptor", "class %d %s, function '%s': %s", list->ads[i]->num, xml_attrval (list->ads[i]->parms, "spec"), function, xml_attrval (list->ads[i]->parms, "error"));
#endif
         }
         if (retval) xml_free (retval);
      }
   }

   va_end (argptr);

   return (1);
}
</piece>
</item>

</litprog>


