<litprog>
<object name="PDREP_list.c" language="c" item="PDREP_list"/>


<format name="index">
<html><head><title>PDREP adaptor: list</title></head>
<body>
<h2>PDREP adaptor: list</h2>
<hr/>
<p/>
[##body##]

<center>
<hr width="75%"/>
<table width="75%"><tr><td><font size="-1">
This code and documentation are released under the terms of the GNU license.  They are
additionally copyright (c) 2003, Vivtek.  All rights reserved except those explicitly
granted under the terms of the GNU license.  This presentation was prepared with 
<a href="http://www.vivtek.com/lpml.html">LPML</a>.  Try literate programming.
You'll like it.
</font></td></tr></table>
</center>
</body></html>
</format>


<item name="PDREP_list" label="PDREP adaptor: list" format="index">
The repository manager version of the PDREP adaptor stores procdefs as attachments in a list.

<piece>
#include [[stdio.h>
#include [[stdarg.h>
#include "repmgr.h"
</piece>

The <code>adaptor_info</code> structure is used to pass adaptor info (duh) back to the
config module when it's building an adaptor instance.  Here's what it contains:
<piece>
static char *names[] = 
{
   "init",
   "free",
   "info",
   "version",
   "load"
};

XML * PDREP_list_init (WFTK_ADAPTOR * ad, va_list args);
XML * PDREP_list_free (WFTK_ADAPTOR * ad, va_list args);
XML * PDREP_list_info (WFTK_ADAPTOR * ad, va_list args);
XML * PDREP_list_version (WFTK_ADAPTOR * ad, va_list args);
XML * PDREP_list_load (WFTK_ADAPTOR * ad, va_list args);

static WFTK_API_FUNC vtab[] = 
{
   PDREP_list_init,
   PDREP_list_free,
   PDREP_list_info,
   PDREP_list_version,
   PDREP_list_load
};

static struct wftk_adaptor_info _PDREP_list_info =
{
   5,
   names,
   vtab
};
</piece>

Cool.  So here's the incredibly complex function which returns a pointer to that:

<piece>
struct wftk_adaptor_info * PDREP_list_get_info ()
{
   return & _PDREP_list_info;
}
</piece>

Thus concludes the communication with the config module.  Now on with the actual implementation
of functionality.

<piece>
XML * PDREP_list_init (WFTK_ADAPTOR * ad, va_list args) {
   const char * parms;
   XML * mark;

   parms = xml_attrval (ad->parms, "parm");
   if (!*parms) parms = "";

   if (*parms) {
      mark = repos_defn (ad->session, parms);
      if (!mark) xml_setf (ad->parms, "error", "List '%s' is not defined in the repository.", parms);
      xml_set (ad->parms, "list", parms);
      xml_setf (ad->parms, "spec", "list:%s", parms);
      return NULL;
   }

   mark = xml_search (ad->session, "list", "pdrep-default", "yes");
   if (mark) {
      xml_set (ad->parms, "list", xml_attrval (mark, "id"));
      xml_setf (ad->parms, "spec", "list:%s", xml_attrval (mark, "id"));
   } else {
      xml_set (ad->parms, "list", "_procdefs");
      xml_set (ad->parms, "spec", "list:_procdefs");
   }

   return (XML *) 0;
}
</piece>

That was exactly analogous to the same code in DSREP_list.  In fact, I cut and pasted it whole cloth.  Freeing the
adaptor, like most adaptors, requires no extra work.

<piece>
XML * PDREP_list_free (WFTK_ADAPTOR * ad, va_list args) { return (XML *) 0; }
</piece>

Next up is the info call, which builds and returns a little XML telling the caller about the
adaptor.  If the adaptor itself is NULL, then it just returns info about the installed
adaptor handler; otherwise it's free to elaborate on the adaptor instance.

<piece>
XML * PDREP_list_info (WFTK_ADAPTOR * ad, va_list args) {
   XML * info;

   info = xml_create ("info");
   xml_set (info, "type", "pdrep");
   xml_set (info, "name", "list");
   xml_set (info, "ver", "1.0.0");
   xml_set (info, "compiled", __TIME__ " " __DATE__);
   xml_set (info, "author", "Michael Roberts");
   xml_set (info, "contact", "wftk@vivtek.com");
   xml_set (info, "extra_functions", "0");

   return (info);
}
</piece>

The most crucial functionality of the procdef repository from the point of view of regular workflow is the ability to return
a current version and retrieve actual versions.  We don't really care about maintenance of procdefs, because if they're
kept in the repository, we already will use the repmgr to deal with them, and if they're somewhere else, presumably that
other datasource has some sort of maintenance processes.  So although back in 2000 I thought this adaptor class would
grow, at this point that seems improbable.
<p/>

To find the current version, we require an ID, and we'll just ask the repository manager.  Easy as pie.

<piece>
XML * PDREP_list_version  (WFTK_ADAPTOR * ad, va_list args)
{
   char * id = (char *) 0;
   XML * value;

   xml_set (ad->parms, "error", "");
   if (args) id = va_arg (args, char *);
   if (!id) {
      xml_set (ad->parms, "error", "No ID given.");
      return (XML *) 0;
   }

   repos_attach_getver (ad->session, xml_attrval (ad->parms, "list"), id, NULL);

   value = xml_create ("value");
   xml_set (value, "value", xml_attrval (ad->session, "result"));

   return value;
}
</piece>

Loading a procdef is of course very easy.  It's just a straightforward attachment retrieval, and since it's guaranteed to be XML to boot,
the repository manager will even parse it for us.  So this reduces to a very thin wrapper indeed.

<piece>
XML * PDREP_list_load (WFTK_ADAPTOR * ad, va_list args) {
   char *id = (char *) 0;
   char *ver = (char *) 0;
   XML * ret;

   if (args) id = va_arg (args, char *);
   if (!id) {
      xml_set (ad->parms, "error", "No ID given.");
      return (XML *) 0;
   }
   ver = va_arg (args, char *);
   if (!ver) {
      xml_set (ad->parms, "error", "No version given.");
      return (XML *) 0;
   }

   ret = repos_retrieve_load (ad->session, xml_attrval(ad->parms, "list"), id, NULL, ver);

   return ret;
}
</piece>

</item>


</litprog>


