<litprog>
<object name="repmgr_remote.c" language="c" item="remote"/>

<format name="index">
<html><head><title>Repository manager "remote client"</title></head>
<body>
<h2>Repository manager "remote client"</h2>
<center>
[ <a href="repmgr_remote.xml">xml source</a> ]
[ <a href="http://www.vivtek.com/wftk/discuss.pl">discussion</a> ]
</center>
<hr/>
The <a href="library.html">repository manager library</a> manages software systems from the point of
view of data management.  It's very versatile and provides a lot of alternative solutions to common problems,
but it can be pretty heavyweight.  Once I got serious about writing an <a href="../mail-handler/index.html">incoming
email handler</a>, I realized that this was a classical application of a client-server architecture, with the
heavy code and state in a server process which was accessed by many small, lightweight clients, one per incoming
message.  There's naturally the added benefit that the two processes can thus also be on separate machines, you
can do load-balancing, whatever.  Lots of flexibility.
<p/>
So I decided as a part of that to split out the remote-server access code already present in the repository manager
into this repmgr_remote thingy.  Naturally, I wanted to reuse it in the repmgr library as well, but I also wanted
to create a situation in which I could use the self-same API for the remote library, so that client apps could be
written to run against either a remote repository or a local one (the latter being heavier, but it's still a valid
option.)  The resulting strategy was a tricky one, using the C preprocessor to put a namespace identifier onto the
start of each function name.  This lets us compile the same C code twice, once with a prefix on each function name.
I kinda like it.
<p/>
Links to the pieces:
[##itemlist##]

<center>
<hr width="75%"/>
<table width="75%"><tr><td><font size="-1">
This code and documentation are released under the terms of the GNU license.  They are
copyright (c) 2001-2003, Vivtek.  All rights reserved except those explicitly
granted under the terms of the GNU license.  This presentation was prepared with 
<a href="http://www.vivtek.com/lpml.html">LPML</a>.  Try literate programming.
You'll like it.
</font></td></tr></table>
</center>
</body></html>
</format>

<format name="default">
<html><head><title>Repository manager: [##label##]</title></head>
<body>
<h2>[##label##]</h2>
<center>
[<nbsp/><a href="[##prev##]">Previous: [##prevlabel##]</a><nbsp/>]
[<nbsp/><a href="index.html">Top: [##indexlabel##]</a><nbsp/>]
[<nbsp/><a href="[##next##]">Next: [##nextlabel##]</a><nbsp/>]
</center>

<hr/>
[##body##]


<center>
[<nbsp/><a href="[##prev##]">Previous: [##prevlabel##]</a><nbsp/>]
[<nbsp/><a href="index.html">Top: [##indexlabel##]</a><nbsp/>]
[<nbsp/><a href="[##next##]">Next: [##nextlabel##]</a><nbsp/>]
<br/><br/><hr width="75%"/>
<table width="75%"><tr><td><font size="-1">
This code and documentation are released under the terms of the GNU license.  They are
copyright (c) 2001-2003, Vivtek.  All rights reserved except those explicitly
granted under the terms of the GNU license.
</font></td></tr></table>
</center>
</body></html>
</format>

<item name="remote_index" label="Repository manager" format="index">
</item>


<item name="remote" label="Repository management remote client">
OK, let's get down to business.  This code is pretty much sucked right out of the main library definition, so the presentation is
likely to be clunky.  Sorry.

<piece>
#include "repmgr.h"
#include "time.h"
#ifdef WINDOWS
#include "windows.h"
#include "winsock.h"
#else
#include "sys/socket.h"
#include "netinet/in.h"
#include "netdb.h"
#include "fcntl.h"
#endif
#include "stdarg.h"
</piece>

Here's our namespace magic macro.

<piece>
#ifndef REPMGR_NAMESPACE
#define REPMGR_NAMESPACE
#endif

#define FN_NAME(x) CONCAT(REPMGR_NAMESPACE,x)
#define CONCAT(x,y) CONCAT2(x,y)
#define CONCAT2(x,y) x ## y

</piece>

This uses C preprocessor concatenation to tack the value of "REPMGR_NAMESPACE" onto the beginning of each function name.  This is defined on the
command line used to compile the file.  Getting this to work right took a couple of tries, because the C preprocessor didn't want
to resolve REPMGR_NAMESPACE in the concatenation.  The naive approach (<code>#define FN_NAME(x) REPMGR_NAMESPACE ## x</code>) just
kept defining REPMGR_NAME_SPACErepos_list and stuff.  You can see how I finally persuaded the preprocessor to do what I wanted.

<piece>
<insert name="remote_repositories"/>
<insert name="remote_publishing"/>
<insert name="remote_lists"/>
<insert name="remote_iteration"/>
<insert name="remote_objects"/>
<insert name="remote_retrieval"/>
<insert name="remote_users"/>
<insert name="remote_context"/>
<insert name="remote_repository"/>
<insert name="remote_synching"/>
<insert name="remote_attachments"/>
<insert name="remote_reports"/>
<insert name="remote_workflow"/>
</piece>
</item>


<item name="remote_repositories" label="Working with repository objects">
Now, naturally this is going to be pretty lightweight.  Note that the following stuff is internal to our remote client
and will probably be disappearing from the main library code.

<piece>
struct _repos_remote {
   XML * parms;
#ifdef WINDOWS
   SOCKET sock;
#else
   int sock;
#endif
};
static void _repos_remote_cleanup (void * _sock) {
   struct _repos_remote * sock = (struct _repos_remote *) _sock;

   xml_free (sock->parms);
#ifdef WINDOWS
   if (sock->sock) closesocket (sock->sock);
#else
   if (sock->sock) close (sock->sock);
#endif

   free (sock);
}
static const char * _repos_receive (struct _repos_remote * sock)
{
   char *line;
   int bufsize = 0;
   int bufsizelen = sizeof (int);
   int bytes;
/*#ifdef WINDOWS
   ULONG flag = 1;
   ioctlsocket (sock->sock, FIONBIO, #^7flag);
#else
   int flags = fcntl (sock->sock, F_GETFL);

   fcntl (sock->sock, F_SETFL, flags | O_NONBLOCKING);
#endif*/

   getsockopt (sock->sock, SOL_SOCKET, SO_RCVBUF, (char *) #^7bufsize, #^7bufsizelen);
   if (!bufsize) bufsize = 1024; /* Why doesn't the getsockopt work on Solaris?  Dunno. */
   line = (char *) malloc (bufsize);

   xml_set (sock->parms, "buffer", "");
   do {
      bytes = recv (sock->sock, line, bufsize, 0);

      if (bytes > 0) xml_attrncat (sock->parms, "buffer", line, bytes);
   } while (!strstr (xml_attrval (sock->parms, "buffer"), "++done++"));

   free (line);
   return xml_attrval (sock->parms, "buffer");
}
static void _repos_send (struct _repos_remote * sock)
{
   send (sock->sock, xml_attrval (sock->parms, "outgoing"), strlen (xml_attrval (sock->parms, "outgoing")), 0);
}

static struct wftk_adaptor_info * 
             _repmgr_standard_adaptor_lookup_function (int adaptor_class,
                                                       int name_length,
                                                       const char * adaptor_descriptor);
WFTK_EXPORT XML * FN_NAME(repos_open) (XML * repository, WFTK_MODULE_LOOKUP_FN * lookup_function, const char * calling_app)
{
   struct _repos_remote * sock;
   const char * host = xml_attrval (repository, "host");
   const char * mark;
   struct hostent *server;
#ifdef WINDOWS
   WSADATA wsa;
#endif
   struct sockaddr_in name;

   repos_log (repository, 2, 0, NULL, "repos", "opening repository (%s)", calling_app ? calling_app : "no app named");

   if (*host) {
      if (xml_getbin (repository)) return (repository);
#ifdef WINDOWS
      WSAStartup (MAKEWORD (1, 0), #^7wsa);
#endif
      sock = (struct _repos_remote *) malloc (sizeof (struct _repos_remote));
      sock->parms = xml_create ("p");
      sock->sock = 0;
      xml_set (sock->parms, "mode", "sockets");
      xml_set (sock->parms, "host", host);
      mark = strchr (host, '!');
      if (!mark) {
         xml_set (sock->parms, "server", host);
         xml_set (sock->parms, "port", "4239");
      } else {
         xml_set (sock->parms, "server", "");
         xml_attrncat (sock->parms, "server", host, mark - host);
         host = mark + 1;
         mark = strchr (host, '!');
         if (mark) {
            xml_set (sock->parms, "port", "");
            xml_attrncat (sock->parms, "port", host, mark - host);
            xml_set (sock->parms, "repos", mark + 1);
         } else {
            xml_set (sock->parms, "port", "4239");
            xml_set (sock->parms, "repos", host);
         }
      }

      server = gethostbyname (xml_attrval (sock->parms, "server"));
      if (!server) {
         xml_setf (repository, "error-state", "Unable to resolve remote server name '%s'.", xml_attrval (sock->parms, "server"));
         _repos_remote_cleanup (sock);
         return repository;
      }

      sock->sock = socket (AF_INET, SOCK_STREAM, 0);
#ifdef WINDOWS
      if (sock->sock == INVALID_SOCKET) {
#else
      if (sock->sock < 0) {
#endif
         xml_set (repository, "error-state", "Unable to allocate socket.");
         sock->sock = 0;
         _repos_remote_cleanup (sock);
         return repository;
      }


      memset (#^7name, 0, sizeof (struct sockaddr_in));
      name.sin_family = AF_INET;
      name.sin_port = htons (xml_attrvalnum (sock->parms, "port"));
      memcpy (#^7name.sin_addr, server->h_addr_list[0], server->h_length);

      if (connect(sock->sock, (struct sockaddr *) #^7name, sizeof (struct sockaddr)) < 0) {
         xml_setf (repository, "error-state", "Unable to connect to server '%s:%s'", xml_attrval (sock->parms, "server"), xml_attrval (sock->parms, "port"));
         _repos_remote_cleanup (sock);
         return repository;
      }

      xml_set (sock->parms, "outgoing", "\n");
      _repos_send (sock);
      _repos_receive (sock); /* Throw away greeting. */
      if (*xml_attrval (sock->parms, "repos")) {
         xml_setf (sock->parms, "outgoing", "repos %s\n", xml_attrval (sock->parms, "repos"));
         _repos_send (sock);
         if (*_repos_receive (sock) == '-') {
            xml_setf (repository, "error-state", "Unable to open repository '%s'", xml_attrval (sock->parms, "repos"));
            _repos_remote_cleanup (sock);
            return repository;
         }
      }

      xml_setbin (repository, sock, _repos_remote_cleanup);
   } else {
      repos_log (repository, 0, 0, NULL, "repmgr", "Program compiled with remote client repository library: cannot open local repository.");
      return NULL;
   }

   return repository;
}
WFTK_EXPORT XML * FN_NAME(repos_open_file) (const char * repfile, WFTK_MODULE_LOOKUP_FN * lookup_function, const char * calling_app)
{
   return NULL;
}
WFTK_EXPORT void  FN_NAME(repos_close)     (XML * repository)
{
   struct _repos_remote * sock = (struct _repos_remote *) xml_getbin (repository);

   if (!sock) return;

   _repos_remote_cleanup ((void *) sock);
   xml_setbin (repository, NULL, NULL);
}
</piece>

</item>


<item name="remote_publishing" label="Publishing objects: internals">
Up to now, there has been no remote publishing because the main library doesn't call up remote repositories for publishing.
This may make it easier to manage this, but only after the stuff is actually, you know, implemented.
WFTK_EXPORT int   FN_NAME(repos_publish_all)  (XML * repository)
{
   return 0;
}

WFTK_EXPORT int   FN_NAME(repos_publish_list) (XML * repository, const char * list)
{
   return 0;
}

WFTK_EXPORT int   FN_NAME(repos_publish_obj)  (XML * repository, const char * list, const char * key)
{
   return 0;
}
</piece>

I probably cut out 20% of the weight of the repmgr library just by eliminating the publishing logic.
</item>


<item name="remote_lists" label="Creating and administering lists">
Here, we start to get into some functions which have actually been written.

<piece>
WFTK_EXPORT int   FN_NAME(repos_create)  (XML * repository, const char * list)
{
   return 0;
}
WFTK_EXPORT int   FN_NAME(repos_drop)    (XML * repository, const char * list)
{
   return 0;
}
</piece>

Well, not those two, obviously.

<piece>
WFTK_EXPORT XML * FN_NAME(repos_defn)    (XML * repository, const char * list_id)
{
   return NULL;
}
</piece>

<piece>
WFTK_EXPORT XML * FN_NAME(repos_list_choices) (XML * repository, const char *list_id, XML * obj, const char *field)
{
   XML * choices = NULL;

   return choices;
}
</piece>

<piece>
WFTK_EXPORT XML * FN_NAME(repos_form)    (XML * repository, const char * list_id, const char * key, const char * mode)
{
   return NULL;
}
</piece>

<piece>
WFTK_EXPORT int   FN_NAME(repos_define)  (XML * repository, const char * list, XML * defn)
{
   return 0;
}
</piece>

Well, wait, maybe I jumped the gun... Next page: some stuff which has been written.
</item>


<item name="remote_iteration" label="Iterating across list contents">
OK, <i>here</i> is some code which has been written already.
<piece>
WFTK_EXPORT XML * FN_NAME(repos_list) (XML * repository, XML * list)
{
   struct _repos_remote * sock = (struct _repos_remote *) xml_getbin (repository);
   XML * copy;
   const char * line;
   const char * end;
   char * key;
   int count = 0;

   if (!sock) return NULL;

      xml_setf (sock->parms, "outgoing", "list %s\n", xml_attrval (list, "id"));
      _repos_send (sock);
      line = _repos_receive (sock);
      if (*line == '-') {
         xml_set (list, "error-state", line + 6);
         return (list);
      }
      line = strchr (line, '\n') + 1;
      while (*line == ' ') {
         count++;
         copy = xml_create ("record");
         end = strchr (line, '\n');
         if (!end) break;
         xml_set (copy, "id", "");
         xml_attrncat (copy, "id", line + 1, end - line - 1);
         xml_append (list, copy);
         line = end + 1;
      }
      xml_setnum (list, "count", count);
      xml_set (sock->parms, "buffer", "");
      return list;
}
/* TODO: make this work again... (it being inherently more scalable.) */
WFTK_EXPORT XML * FN_NAME(repos_list_first) (XML * repository, XML * list)
{
   return NULL;
}
WFTK_EXPORT XML * FN_NAME(repos_list_next) (XML * repository, XML * list)
{
   return NULL;
}
</piece>

The change log is a special set of lists defined implicitly by the repository manager.  At some point it'll be adaptor-based, but
for the time being its requirements outstrip the list adaptor I have (LIST_localdir), so right now it's pretty hard-wired.  The
change log reader (repos_changes) works in two modes.  The first looks for which lists have been changed since a given date.  It
returns a list of lists with change timestamps.  The second looks for changes to a specific list after the given date, and it
returns a list of record keys with timestamp, action taken (add, mod, or del), and the userid of the person who made the change.
This userid is actually the first occurrence of userid in the repository manager, and really it needn't be a userid -- essentially
it indexes a list of change sources or something.  Could be people, could be programs or reasons or organizations or webpages or whatever
makes sense, I suppose.

<piece>
WFTK_EXPORT XML * FN_NAME(repos_changes) (XML * repository, XML * list, const char * date, const char * list_id)
{
   struct _repos_remote * sock = (struct _repos_remote *) xml_getbin (repository);
   XML * record;
   char line[1024];
   char datecopy[32];
   int  count;
   char * end;
   char * mark;
   char * mark2;

   if (!sock) return NULL;

      memset (datecopy, '\0', 32);
      strncpy (datecopy, date, 31);
      if (strlen (datecopy) > 10) datecopy[10] = 'T';
      xml_setf (sock->parms, "outgoing", "changes %s %s\n", datecopy, list_id);
      _repos_send (sock);
      mark = (char *) _repos_receive (sock);
      if (*mark == '-') {
         xml_set (list, "error-state", mark + 6);
         return (list);
      }
      mark = strchr (mark, '\n') + 1;
      while (*mark == ' ') {
         count++;
         record = xml_create ("record");
         end = strchr (mark, '\n');
         if (!end) break;
         strncpy (line, mark + 1, end - mark);
         line[end - mark] = '\0';

         mark = line;
         mark2 = strchr (mark, '\t');
         if (mark2) *mark2 = '\0';
         xml_set (record, "action", mark);
         if (mark2) {
            mark = mark2 + 1;
            mark2 = strchr (mark, '\t');
            if (mark2) *mark2 = '\0';
            xml_set (record, "time", mark);
            if (mark2) {
               mark = mark2 + 1;
               mark2 = strchr (mark, '\t');
               if (mark2) *mark2 = '\0';
               xml_set (record, "user", mark);
               if (mark2) {
                  mark = mark2 + 1;
                  mark2 = strchr (mark, '\n');
                  if (mark2) *mark2 = '\0';
                  xml_set (record, "id", mark);
               }
            }
         }

         xml_append (list, record);

         mark = end + 1;
      }
      xml_setnum (list, "count", count);
      xml_set (sock->parms, "buffer", "");


   return list;
}
</piece>

<i>(December 22, 2001):</i> The snapshot feature is a nifty little thing for integration with external datasources -- it asks the adaptor
for a snapshot of the list, then it compares this snapshot with the last snapshot it stored (if any).  If changes are detected, and note
that by using a current file date or a checksum we can detect modifications, then all the changes are logged and published.  This is a
handy way to mark changes for synching to a remote repository, too.  (Note January 8, 2002: I haven't actually written this, though.)
<piece>
WFTK_EXPORT XML * FN_NAME(repos_snapshot) (XML * repository, const char * list_id)
{

}
</piece>

</item>


<item name="remote_objects" label="Working with individual objects">
Here's where things get interesting: this allows lightweight clients to toss data to repositories, which is what we really want to do
with our lives when you get right down to it.
<piece>
WFTK_EXPORT int   FN_NAME(repos_add) (XML * repository, const char * list_id, XML * object)
{
   struct _repos_remote * sock = (struct _repos_remote *) xml_getbin (repository);

   if (sock) { /* Remote. */
      xml_setf (sock->parms, "outgoing", "add %s -\n", list_id);
      _repos_send (sock);
      xml_set (sock->parms, "outgoing", xml_string (object));
      _repos_send (sock);
      xml_set (sock->parms, "outgoing", "\n>>\n");
      _repos_send (sock);
      if (*_repos_receive (sock) == '-') {
         return 1;
      } else {
         return 0;
      }
   }

   /* TODO: something with return values. */

   return 0;
}


WFTK_EXPORT int   FN_NAME(repos_del) (XML * repository, const char * list_id, const char * key)
{
   struct _repos_remote * sock = (struct _repos_remote *) xml_getbin (repository);

   if (sock) { /* Remote. */
      xml_setf (sock->parms, "outgoing", "del %s %s\n", list_id, key);
      _repos_send (sock);
      if (*_repos_receive (sock) == '-') {
         return 1;
      } else {
         return 0;
      }
   }

   return 0;
}

WFTK_EXPORT int   FN_NAME(repos_mod) (XML * repository, const char * list_id, XML * object, const char * key)
{
   struct _repos_remote * sock = (struct _repos_remote *) xml_getbin (repository);

   if (!object #^7#^7 !key) return 1; /* This combination can occur in error situations but has no semantics. */

   if (sock) { /* Remote. */
      if (key) {
         if (object) {
            xml_setf (sock->parms, "outgoing", "mod %s - %s\n", list_id, key);
         } else {
            xml_setf (sock->parms, "outgoing", "changed %s %s\n", list_id, key);
         }
      } else {
         xml_setf (sock->parms, "outgoing", "mod %s -\n", list_id);
      }
      _repos_send (sock);
      if (object) {
         xml_set (sock->parms, "outgoing", xml_string (object));
         _repos_send (sock);
         xml_set (sock->parms, "outgoing", "\n>>\n");
         _repos_send (sock);
      }
      if (*_repos_receive (sock) == '-') {
         return 1;
      } else {
         return 0;
      }
   }

   return 0;
}
WFTK_EXPORT int   FN_NAME(repos_merge) (XML * repository, const char * list_id, XML * object, const char * key)
{
   struct _repos_remote * sock = (struct _repos_remote *) xml_getbin (repository);

   if (!object) return 1;  /* Unlike mod, merge makes no sense in a key-only situation. */

      if (key) {
         xml_setf (sock->parms, "outgoing", "merge %s - %s\n", list_id, key);
      } else {
         xml_setf (sock->parms, "outgoing", "merge %s -\n", list_id);
      }
      _repos_send (sock);
      if (object) {
         xml_set (sock->parms, "outgoing", xml_string (object));
         _repos_send (sock);
         xml_set (sock->parms, "outgoing", "\n>>\n");
         _repos_send (sock);
      }
      if (*_repos_receive (sock) == '-') {
         return 1;
      } else {
         return 0;
      }
}
</piece>


<piece>
WFTK_EXPORT const char * FN_NAME(repos_getkey) (XML * repository, const char * list_id, XML * object)
{
   return ( xml_attrval (object, "key"));
}
</piece>

</item>




<item name="remote_reports" label="Working with individual objects as reports">
<piece>
WFTK_EXPORT int   FN_NAME(repos_report_start)  (XML * repository, const char * list, const char * name)
{
   return 0;
}
WFTK_EXPORT int   FN_NAME(repos_report_close)  (XML * repository, const char * report)
{
   return 0;
}
WFTK_EXPORT int   FN_NAME(repos_report_cancel) (XML * repository, const char * report)
{
   return 0;
}
WFTK_EXPORT XML * FN_NAME(repos_report_getobj) (XML * repository, const char * report)
{
   return (NULL);
}
WFTK_EXPORT int   FN_NAME(repos_report_log)    (XML * repository, const char * report, const char * format, ...)
{
   return 0;
}
</piece>
</item>


<item name="remote_retrieval" label="Data retrieval and display">
<piece>
WFTK_EXPORT XML * FN_NAME(repos_get)     (XML * repository, const char * list_id, const char * key)
{
   struct _repos_remote * sock = (struct _repos_remote *) xml_getbin (repository);
   const char * line;
   XML * list;
   XML * ret;
   char * end;

   if (sock) { /* Remote. */
      if (key) {
         xml_setf (sock->parms, "outgoing", "get %s %s\n", list_id, key);
      } else {
         xml_setf (sock->parms, "outgoing", "get %s\n", list_id);
      }
      _repos_send (sock);
      line = _repos_receive (sock); /* TODO: mem leak? */
      if (*line == '-') return NULL;
      line = strchr (line, '\n') + 1;
      list = xml_create ("t");
      xml_set (list, "r", "");
      while (line[0] != '>' || line[1] != '>') {
         end = strchr (line, '\n');
         if (end) {
            xml_attrncat (list, "r", line, end - line + 1);
         } else {
            xml_attrcat (list, "r", line);
            break;
         }
         line = end + 1;
      }
      ret = xml_parse (xml_attrval (list, "r"));  /* TODO: parser dependency should be optional. */
      xml_free (list);
      xml_set (sock->parms, "buffer", "");
      xml_set (ret, "list", list_id);
      xml_set (ret, "key", key);
      return ret;
   }
   return NULL;
}
WFTK_EXPORT char * FN_NAME(repos_getvalue) (XML * repository, const char * list, const char * key, const char * field)
{
   /* retrieve obj then call xmlobj_get */
   return ("");
}
WFTK_EXPORT void FN_NAME(repos_setvalue) (XML * repository, const char * list, const char * key, const char * field, const char * value)
{
   /* This will be a while.  It fronts for the adaptor, of course. */
}
</piece>


<piece>
WFTK_EXPORT void FN_NAME(repos_log) (XML * repository, int level, int type, XML * object, const char * subsystem, const char * message, ...)
{
   va_list arglist;
   char * msg;
   char * l;
   struct tm * timeptr;
   time_t julian;
   FILE * log;
   int loglevel = 2;

   if (*xml_attrval (repository, "loglevel")) loglevel = xml_attrvalnum (repository, "loglevel");
   if (level > loglevel) return;

   va_start (arglist, message);
   msg = xml_string_formatv (message, arglist);
   l = (level == 0) ? "fatal" :
       ((level == 1) ? "warning" :
       ((level == 2) ? "notification" :
         "debug"));
   va_end (arglist);

   time (#^7julian);
   timeptr = localtime (#^7julian);

   /*log = _repos_fopen (repository, "repository.log", "a");  * TODO: make this a general list adaptor call. *
   if (log) {
      fprintf (log, "[%04d-%02d-%02d %02d:%02d:%02d] %s %s %s\n", 
                     timeptr->tm_year + 1900, timeptr->tm_mon + 1, timeptr->tm_mday,
                     timeptr->tm_hour, timeptr->tm_min, timeptr->tm_sec,
                     l, subsystem, msg);
      fclose (log);
   }*/
   free (msg);

}
</piece>

</item>



<item name="remote_users" label="User authentication and group membership">
It's amazing how much easier all this is when you do the work somewhere else.

<piece>
WFTK_EXPORT XML * FN_NAME(repos_user_auth) (XML * repository, const char * userid, const char * password)
{
   struct _repos_remote * sock = (struct _repos_remote *) xml_getbin (repository);
   XML * userbase;
   XML * ret;
   const char * line;
   const char * end;

   if (sock) { /* Remote. */
      xml_setf (sock->parms, "outgoing", "auth %s %s\n", userid, password);
      _repos_send (sock);

      line = _repos_receive (sock);
      if (*line == '-') return NULL;
      line = strchr (line, '\n') + 1;
      userbase = xml_create ("t");
      xml_set (userbase, "r", "");
      while (line[0] != '>' || line[1] != '>') {
         end = strchr (line, '\n');
         if (end) {
            xml_attrncat (userbase, "r", line, end - line + 1);
         } else {
            xml_attrcat (userbase, "r", line);
            break;
         }
         line = end + 1;
      }
      ret = xml_parse (xml_attrval (userbase, "r"));
      xml_free (userbase);
      xml_set (sock->parms, "buffer", "");
      return ret;
   }

   return NULL;
}

WFTK_EXPORT XML * FN_NAME(repos_user_ingroup) (XML * repository, const char * userid, const char * groupid)
{
   struct _repos_remote * sock = (struct _repos_remote *) xml_getbin (repository);
   XML * userbase;
   XML * ret;
   const char * line;
   const char * end;

   if (sock) { /* Remote. */
      xml_setf (sock->parms, "outgoing", "ingroup %s %s\n", userid, groupid);
      _repos_send (sock);

      line = _repos_receive (sock);
      if (*line == '-') return NULL;
      line = strchr (line, '\n') + 1;
      userbase = xml_create ("t");
      xml_set (userbase, "r", "");
      while (line[0] != '>' || line[1] != '>') {
         end = strchr (line, '\n');
         if (end) {
            xml_attrncat (userbase, "r", line, end - line + 1);
         } else {
            xml_attrcat (userbase, "r", line);
            break;
         }
         line = end + 1;
      }
      ret = xml_parse (xml_attrval (userbase, "r"));
      xml_free (userbase);
      xml_set (sock->parms, "buffer", "");
      return ret;
   }

   return NULL;
}
</piece>
</item>





<item name="remote_context" label="Context/user session handling">
Yeah, this should end up being pretty important.

<piece>
WFTK_EXPORT char * FN_NAME(repos_context_save) (XML * repository)
{
   struct _repos_remote * sock = (struct _repos_remote *) xml_getbin (repository);
   char * ret;
   char * mark;
   const char * line;
   const char * end;

   if (sock) { /* Remote. */
      xml_setf (sock->parms, "outgoing", "context\n");
      _repos_send (sock);

      line = _repos_receive (sock);
      if (*line == '-') return NULL;
      line = strchr (line, '-') + 1;
      ret = strdup (line);
      mark = strstr (ret, " ++done++");
      if (mark) *mark = '\0';
      else {
         mark = strchr (ret, '\n');
         if (mark) *mark = '\0';
      }
      return (ret);
   }

   return NULL;
}
</piece>

Besides saving sessions (and retrieving handles for them), we also need to be able to switch sessions.

<piece>
WFTK_EXPORT XML * FN_NAME(repos_context_switch) (XML * repository, const char * contextid)
{
   struct _repos_remote * sock = (struct _repos_remote *) xml_getbin (repository);
   XML * temp;
   XML * context;
   const char * line;
   const char * end;

   if (sock) { /* Remote. */
      xml_setf (sock->parms, "outgoing", "context %s\n", contextid);
      _repos_send (sock);

      line = _repos_receive (sock);
      if (*line == '-') {
         /*wftk_session_setcontext (repository, NULL);*/
         return NULL;
      }
      line = strchr (line, '\n') + 1;
      temp = xml_create ("t");
      xml_set (temp, "r", "");
      while (line[0] != '>' || line[1] != '>') {
         end = strchr (line, '\n');
         if (end) {
            xml_attrncat (temp, "r", line, end - line + 1);
         } else {
            xml_attrcat (temp, "r", line);
            break;
         }
         line = end + 1;
      }
      context = xml_parse (xml_attrval (temp, "r"));
      xml_free (temp);
      xml_set (sock->parms, "buffer", "");
      return (context);
   }
   return NULL;
}
</piece>

Finally, we need our two central context functions: get and set value.  These are basically the whole point of the exercise (although
we'll probably get more involved later, with logs and attachments and nice things like that.)  The get-value function works as a
string formatter; if there is a square bracket in the value spec, it will create a value using xmlobj_format.

<piece>
WFTK_EXPORT void FN_NAME(repos_context_set) (XML * repository, const char * valname, const char * value)
{
   struct _repos_remote * sock = (struct _repos_remote *) xml_getbin (repository);
   const char * line;

   if (sock) { /* Remote. */
      xml_setf (sock->parms, "outgoing", "set % %s\n", valname, value);
      _repos_send (sock);

      line = _repos_receive (sock);
      xml_set (sock->parms, "buffer", "");
   }
}
WFTK_EXPORT char * FN_NAME(repos_context_get) (XML * repository, const char * valname)
{
   struct _repos_remote * sock = (struct _repos_remote *) xml_getbin (repository);
   char * mark;
   char * ret;
   const char * line;
   const char * end;

   if (sock) { /* Remote. */
      xml_setf (sock->parms, "outgoing", "read %s\n", valname);
      _repos_send (sock);

      line = _repos_receive (sock);
      if (*line == '-') return NULL;
      line = strchr (line, ' ') + 1;
      ret = strdup (line);
      mark = strchr (ret, ' ');
      if (mark) *mark = '\0';
      else {
         mark = strchr (ret, '\n');
         if (mark) *mark = '\0';
      }
      return (ret);
   }

   return NULL;
}


</piece>
</item>






<item name="remote_xact" label="Transactions">
<i>(January 26, 2003)</i>: The repository manager transaction mechanism is probably going to be one of those things I realize I screwed
up on first implementation and work for years to fix.  A transaction groups a set of object changes together which may span any arbitrary
set of lists.  This chunk of changes may be submitted for approval all at once.  While a transaction is being built, it may also be
used as a filter for the repository, so that data retrievals appear to contain the data as changed in the transaction.  Thus a transaction
can be seen as a sandbox for the user.

<p/>
Where I start to worry is when I start to think about really large-scale transactions.  The initial implementation I'm working on is
unlikely to scale well.  So some kind of transaction-content index scheme needs to be incorporated into the whole thing.

<piece>
WFTK_EXPORT XML  * FN_NAME(repos_xact_open)  (XML * repository, const char * key);
WFTK_EXPORT XML  * FN_NAME(repos_xact_get)   (XML * repository, const char * list, const char * key, XML * xact);
WFTK_EXPORT char * FN_NAME(repos_xact_save)  (XML * repository, XML * xact);
WFTK_EXPORT XML  * FN_NAME(repos_xact_start) (XML * repository, XML * xact); /* Might be char * key? */
</piece>
</item>








<item name="remote_processing" label="Asynchronous processing">
<i>(January 26, 2003)</i>:  <i>Asynchronous processing</i> is a catchall term for the following kinds of things a complete system
should be able to do (note that support for this kind of thing requires a complete system, not just the repmgr library.)
<ul>
<li>Task timeouts and deadlines</li>
<li>Queue handling</li>
<li>Periodic reports</li>
<li>Deferred processing for publishing</li>
</ul>

In general, the repos_process call can be thought of as supporting any daemon process which should run in a complete system and do
work that should be done in the background while a user isn't waiting on the result.  The particular motivator for this feature is
task timeouts, which allow limits to be placed on the time that objects may spend in particular states and will trigger automatic
state transitions if those time limits are exceeded.  There is plenty of special logic for that one application built into this
section.

<piece>
WFTK_EXPORT char * FN_NAME(repos_process) (XML * repository, const char * list, const char * key);
</piece>
</item>









<item name="remote_workflow" label="Workflow">
<i>(January 26, 2003)</i>: Although most workflow interaction will actually be at the list access and state-change level, there are
a couple of entry points to the API for attaching workflow and tasks to objects, and getting lists of active tasks.  It's rather important to note
here that each of these API calls has two forms: one is a repmgr-based list-and-key addressing scheme to be used from the command
line and in most other repmgr-based systems.  The other takes an object already retrieved, and manipulates it directly.  This, at least
in theory, gives us the ability to run the system in a manner largely independent of a standalone repository, as long as we have
specified a taskindex which talks to a database directly, and then we also talk to that database directly when operating workflow.
<p/>
Expect this to get explicit exposure in the Python wrapper, as I have an actual interested party wanting to use the system in this way
as a kind of Zope integration lite.  (Full Zope integration, of course, will be quite ramified.)

<p/>
First, let's examine how we attach workflow to an object.  This is called by the object manipulation functions (repos_add, repos_mod, repos_del)
when an "on action=" is encountered when doing something to an object.
<piece>
WFTK_EXPORT void FN_NAME(repos_workflow_start) (XML * repository, const char * list, const char * key, XML * wf_defn, const char * wf_id)
{
}
</piece>

Task addition is analogous.  <i>October 15, 2003</i>... Appears I didn't actually implement this, which is irritating.  As I need it.

<piece>
WFTK_EXPORT void FN_NAME(repos_task_add) (XML * repository, const char * list, const char * key, XML * task_defn)
{

}
</piece>

<i>October 15, 2003</i>: Implementing this at last so that I can expose it via the Python SOAP adaptor.  This whole thing is getting kinda
complicated....  Anyway, the implementation of this isn't complicated at all, as we simply call wftk_task_list to do it for us, with all its
kooky logic.

<piece>
WFTK_EXPORT XML * FN_NAME(repos_tasks) (XML * repository, XML * tasklist, const char * list, const char * key, const char * user)
{
   return NULL;
}
</piece>

<i>October 15, 2003</i>: Actually, it turns out we'll also need repos_task_get, which retrieves a task given its parent object and its local id.
This initially will only cover indexed tasks (i.e. no potential ones or such) because it's just going to front for the taskindex after building
the appropriate key.

<piece>
WFTK_EXPORT XML * FN_NAME(repos_task_get) (XML * repository, const char * list, const char * key, const char * local_key)
{
   return (NULL);
}
</piece>

</item>








<item name="remote_repository" label="Repository queries">
Here are collected functions which can be used to describe a repository.  The first is a layout retrieval by
ID; if the layout is cached, it's returned immediately; otherwise, it's built from whatever files are named.
<piece>
WFTK_EXPORT XML * FN_NAME(repos_get_layout) (XML * repository, const char * layout_id)
{
   return NULL;
}
</piece>
</item>



<item name="remote_synching" label="Synching data with remote data sources">
I'm not 100% sure that remote synching really makes sense, but the idea is to provide the whole API, so here goes.  (Well, except that
it's not implemented, but you knew what I meant anyway.)

<piece>
WFTK_EXPORT int   FN_NAME(repos_pull)     (XML * repository, const char *list_id, const char *remote_id, XML * changelist)
{
   return 0;
}
WFTK_EXPORT int   FN_NAME(repos_pull_all)     (XML * repository, const char *list_id, const char *remote_id, XML * changelist)
{
   return 0;
}
WFTK_EXPORT int   FN_NAME(repos_push)     (XML * repository, const char *list_id, const char *remote_id)
{
   return 0;
}
WFTK_EXPORT int   FN_NAME(repos_push_all)     (XML * repository, const char *list_id, const char *remote_id)
{
   return 0;
}
WFTK_EXPORT int   FN_NAME(repos_synch)    (XML * repository, const char *list_id, const char *remote_id, XML * changelist)
{
   return 0;
}
</piece>

Finally, the repos_mark_time function is used to mark the local time of a repository.  It acts upon the repository XML structure
itself, for convenience.  Note that it's clever enough to deal with remote repositories.

<piece>
WFTK_EXPORT int   FN_NAME(repos_mark_time) (XML * repository, const char *attr)
{
   struct tm * timeptr;
   time_t julian;
   char now[32];
   const char * recv;
   char * mark;
   struct _repos_remote * sock = (struct _repos_remote *) xml_getbin (repository);

   if (sock) { /* Remote. */
      xml_set (sock->parms, "outgoing", "time\n");
      _repos_send (sock);
      xml_set (repository, attr, "");
      recv = _repos_receive (sock);
      if (*recv == '-') return 1;

      mark = strchr (recv + 6, '+');
      if (!mark) return 1;

      xml_attrncat (repository, attr, recv + 6, mark - recv - 7);
      return 0;
   }

   time (#^7julian);
   timeptr = localtime (#^7julian);
   sprintf (now, "%04d-%02d-%02d %02d:%02d:%02d",
                    timeptr->tm_year + 1900, timeptr->tm_mon + 1, timeptr->tm_mday,
                    timeptr->tm_hour, timeptr->tm_min, timeptr->tm_sec);
   xml_set (repository, attr, now);
}
</piece>

Even though it's not technically a data synch function, it's certainly going to be used most often in the context of data synchronization,
so it might as well be defined here.
</item>




<item name="remote_attachments" label="Working with attachments">
It's my hope that by providing a better handle on the whole remote-server question,
this module will help implement remote attachments, because we really need remote attachments.
<piece>
WFTK_EXPORT XML * FN_NAME(repos_attach_open) (XML * repository, const char *list_id, const char * key, const char * field, const char * filename)
{
   return NULL;
}
WFTK_EXPORT int   FN_NAME(repos_attach_write) (void * buf, size_t size, size_t number, XML * handle)
{
   return 0;
}
WFTK_EXPORT int   FN_NAME(repos_attach_cancel) (XML * handle)
{
   return 0;
}
WFTK_EXPORT int   FN_NAME(repos_attach_close) (XML * repository, XML * handle)
{
   return 0;
}
WFTK_EXPORT int   FN_NAME(repos_attach) (XML * repository, const char * list_id, const char * key, const char * field, const char * filename, FILE * incoming)
{
   return 0;
}
</piece>

It's really only in retrieval that we need any version awareness.  But of course we also need a function to tell us the current
version.  When actually retrieving the current version, of course, we don't necessarily need to retrieve the object itself; if
the attachment field is defined in the list definition instead of in the object, then we can cut right to the chase and retrieve
the current version from the attachment adaptor.

<piece>
WFTK_EXPORT void FN_NAME(repos_attach_getver) (XML * repository, const char * list_id, const char * key, const char * field)
{
}
</piece>

Note that the version value here is returned as an attribute on the repository data structure.  This is a pretty comfortable way
to return a string value using the XMLAPI, but I haven't used it widely.  I may start.

<piece>
WFTK_EXPORT XML * FN_NAME(repos_retrieve_open) (XML * repository, const char * list_id, const char * key, const char * field, const char * ver)
{
   return NULL;
}
WFTK_EXPORT int   FN_NAME(repos_retrieve_read) (void * buf, size_t size, size_t number, XML * handle)
{
   return 0;
}
WFTK_EXPORT int   FN_NAME(repos_retrieve_close) (XML * handle)
{
   return 0;
}
WFTK_EXPORT int   FN_NAME(repos_retrieve) (XML * repository, const char * list_id, const char * key, const char * field, const char * ver, FILE * outgoing)
{
   int  total = 0;
   return total;
}
</piece>

<i>(August 13, 2002)</i>: so I've come up with a more convenient way to deal with selected
attachments.  If they're XML, I've got repos_retrieve_load to load the attachment into an XML
structure.  This makes it really simple to write simple utilities that can work with attached
documents.

<piece>
WFTK_EXPORT XML * FN_NAME(repos_retrieve_load) (XML * repository, const char * list_id, const char * key, const char * field, const char * ver)
{
   return NULL;
}
</piece>
</item>




</litprog>


