<litprog>
<object name="Repository.java" language="java" item="repository"/>
<object name="Entry.java" language="java" item="entry"/>
<object name="List.java" language="java" item="list"/>
<object name="Task.java" language="java" item="task"/>
<object name="User.java" language="java" item="user"/>
<object name="Group.java" language="java" item="group"/>
<object name="Role.java" language="java" item="role"/>
<object name="Log.java" language="java" item="logging"/>
<object name="LogStream.java" language="java" item="log_stream"/>
<object name="WftkException.java" language="java" item="exceptions"/>


<format name="index">
<html><head><title>wftk-j: Java client library</title></head>
<body>
<h2>wftk-j: Java client library (Repository class)</h2>
<center>
[<a href="index.html">wftk-j</a> ] [ <a href="repository.xml">xml source</a> ]
[ <a href="http://www.vivtek.com/wftk/discuss.pl">discussion</a> ]
</center>
<hr/>
<p/>
[##body##]

<center>
<hr width="75%"/>
<table width="75%"><tr><td><font size="-1">
This code and documentation are released under the terms of the GNU license.  They are
copyright (c) 2001-2003, Vivtek.  All rights reserved except those explicitly
granted under the terms of the GNU license.  This presentation was prepared with 
<a href="http://www.vivtek.com/lpml.html">LPML</a>.  Try literate programming.
You'll like it.
</font></td></tr></table>
</center>
</body></html>
</format>


<format name="default">
<html><head><title>wftk-j: [##label##]</title></head>
<body>
<h2>wftk-j: [##label##]</h2>
<center>
[<nbsp/><a href="[##prev##]">Previous: [##prevlabel##]</a><nbsp/>]
[<nbsp/><a href="index.html">Top: [##indexlabel##]</a><nbsp/>]
[<nbsp/><a href="[##next##]">Next: [##nextlabel##]</a><nbsp/>]
</center>

<hr/>
[##body##]


<center>
[<nbsp/><a href="[##prev##]">Previous: [##prevlabel##]</a><nbsp/>]
[<nbsp/><a href="index.html">Top: [##indexlabel##]</a><nbsp/>]
[<nbsp/><a href="[##next##]">Next: [##nextlabel##]</a><nbsp/>]
<br/><br/><hr width="75%"/>
<table width="75%"><tr><td><font size="-1">
This code and documentation are released under the terms of the GNU license.  They are
copyright (c) 2001-2003, Vivtek.  All rights reserved except those explicitly
granted under the terms of the GNU license.
</font></td></tr></table>
</center>
</body></html>
</format>


<item name="repository" label="wftk-j: Repository" format="index">
This set of classes effectively forms a client for a wftk server.  The server itself can either be a remote server with which we use some protocol
(e.g. SOAP) to communicate with, or it can be a local implementation of a repository.  Either way, the objects we use to build workflow-savvy code
are the same.  The sane way to implement this in Java is by designing a parent class ("Repository") which is extended by one or more specific classes
("RemoteSOAPRepository" and "LocalJNIRepository").  The parent class may or may not be abstract; I'm going to start with it <i>not</i> being abstract,
and see how far I can get.  Certainly I want to have entries, lists, and such implemented at the level of the parent class and blithely unaware of
the underlying implementation of the repository.  I had originally thought to make those subclasses, but I think that's wrong.  So I changed my mind.

<p/>
So.  Let's push some boilerplate.
<piece>
// Copyright (c) 2003, Vivtek.
//
//  This program is free software; you can redistribute it and/or modify
//  it under the terms of the GNU General Public License as published by
//  the Free Software Foundation; either version 2 of the License, or
//  (at your option) any later version.
//  
//  This program is distributed in the hope that it will be useful,
//  but WITHOUT ANY WARRANTY; without even the implied warranty of
//  MERCHANTABILITY or FITNESS FOR A PARTICULAR PURPOSE.  See the
//  GNU General Public License for more details.
//  
//  You should have received a copy of the GNU General Public License
//  along with this program; if not, write to the Free Software
//  Foundation, Inc., 59 Temple Place, Suite 330, Boston, MA  02111-1307  USA
</piece>

Next up, as always, our includes.  Who knows what'll end up here?

<piece>
package org.wftk;
import java.io.*;
import java.util.Vector;
import java.util.Map;
</piece>

Now down to business.  We define a single superclass, Repository.  This class will be used by classes "list", "entry", and "task", at the very
least, but where we go from there is of course unclear.  For the moment, entries will be assumed to be simple mappings (name->value) and we'll ignore
all refinements like subrecords, list values, attachments, and so forth.  They're only partially implemented here and there anyway, so no great loss.

<p/>
Here's how I envision this working.  Each function in Repository first does some common work (such as creating an entry object) and then
calls an implementation-specific function or functions in order to do the actual work.  So for "get", we create the entry object and we
prepopulate some of its fields, then we call _get to actually do the retrieval.  At first I was thinking that this class would define some
kind of simple local pure-Java functionality -- but then I reconciled myself to the fact that this is indeed the whole reason for having
abstract classes.  So Repository is an abstract class.  Feast your eyes.


<piece>
public abstract class Repository {
   public Entry get (String list, String key) throws WftkException {
      Entry result = new Entry (this);
      result.list_id = list;
      result.key = key;

      _get(result);

      return result;
   }
   abstract void _get (Entry e) throws WftkException;
   public Entry get_task (Entry e, String local_key) throws WftkException {
      Entry result = new Entry (this);
      result.list_id = "_tasks";

      _get_task(result, e.list_id, e.key, local_key);

      return result;
   }
   abstract void _get_task (Entry e, String list, String key, String local_key) throws WftkException;

   public String format (String list, String key, String mode) throws WftkException {
      return _format(list, key, mode);
   }
   abstract String _format (String list, String key, String mode) throws WftkException;

   public void add (String list, Entry obj) throws WftkException {
      obj.list_id = list;
      _add (list, obj);  // _add must set "key" attribute properly according to implementation (SOAP returns it, for instance)
   }
   abstract void _add (String list, Entry obj) throws WftkException;

   public void merge (String list, Entry obj, String key) throws WftkException {
      _merge (list, obj, key);
   }
   abstract void _merge (String list, Entry obj, String key) throws WftkException;

   public void mod (String list, Entry obj, String key) throws WftkException {
      _mod (list, obj, key);
   }
   abstract void _mod  (String list, Entry obj, String key) throws WftkException;

   public void del (String list, String key) throws WftkException {
      _del (list, key);
   }
   abstract void _del (String list, String key) throws WftkException;

   public List list (String list) throws WftkException {
      List l = new List (this);
      l.id = list;
      _list (l);
      return (l);
   }
   public void list (List l) throws WftkException {
      _list (l);
   }
   abstract void _list (List l) throws WftkException;
   public List lists () throws WftkException { return (list("_lists")); }

   public List tasks () throws WftkException {
      List t = new List(this);
      t.id = "_tasks";

      _tasks (t);

      return (t);
   }
   public List tasks (Entry e) throws WftkException {
      List t = new List(this);
      t.id = "_tasks";

      _tasks (t,e);

      return (t);
   }
   abstract void _tasks (List t) throws WftkException;
   abstract void _tasks (List t, Entry e) throws WftkException;

   public List todo () throws WftkException {
      List t = new List(this);
      t.id = "_todo";

      _todo (t);

      return (t);
   }
   abstract void _todo (List t) throws WftkException;

   String userid = null;
   String authtoken = null;
   public boolean auth (String userid, String passwd) throws WftkException {
      this.userid = userid;
      return _auth (userid, passwd);
   }
   abstract boolean _auth (String userid, String passwd) throws WftkException;

   private Log log = null;
   public void setlog (Log _log) { log = _log; }
   public void textlog (int level, String str) {
      if (log == null) return;
      if (level > loglevel) return;
      log.textLog (str);
   }
   public void linklog (int level, String linktext, String content) {
      if (log == null) return;
      if (level > loglevel) return;
      log.linkLog (linktext, content);
   }
   private int loglevel = 0;
   public void set_loglevel (int level) { loglevel = level; }
   public int  get_loglevel ()          { return loglevel;  }
}
</piece>
</item>


<item name="list" label="Modelling repmgr lists">
The repmgr list can either be a defined system list (with an ID) or it can just be an anonymous list of entries.  In the fullness of time, we can
give it to the repository and ask for a list of matching entries.  Thus the list is effectively a query device and the container for query results.
The implementation of this in the C repmgr is somewhat fuzzy (as are many organically grown things), but the Java implementation doesn't have to be.

<piece>
package org.wftk;
import java.util.Map;
import java.util.Vector;
public class List {
   public Repository rep = null;
   public String id = null;
   public String where = null;
   Vector keys = null;
   Map results = null;
   //public list_defn defn;  -- TODO: this is a logical class.

   public List (Repository r) {
      rep = r;
   }
   public List (Repository r, String list_id) {
      rep = r;
      id = list_id;
   }

   public Vector keys () { return (keys == null ? new Vector() : keys); }
   public int count () { return (keys == null ? 0 : keys.size ()); }

   void add_entry (String just_the_key) {
      if (id.equals("_tasks") || id.equals("_todo")) {
         Task e = new Task (rep, id, just_the_key);  // TODO: is there a more elegant way of doing this?  Could some Java guru answer this?
         add_entry (e);
      } else {
         Task e = new Task (rep, id, just_the_key);
         add_entry (e);
      }
   }
   void add_entry (java.util.HashMap map) {
      String key = (String) map.get ("key");  // TODO: "key" will work for tasks, anyway, but we'll probably want to be a little more careful.
                                              //       Check whether map.get throws an exception for a non-existent key.  (No, it doesn't.)
      if (key==null) key = (String) map.get ("id");
      if (id.equals("_tasks") || id.equals("_todo")) {
         Task e = new Task (rep, id, key);
         e.values = map;
         add_entry (e);
      } else {
         Entry e = new Entry (rep, id, key);
         e.values = map;
         add_entry (e);
      }
   }
   void add_entry (Entry e) {
      if (results == null) { results = new java.util.HashMap(); keys = new Vector(); }
      results.put (e.key, e);
      keys.add (e.key);
   }
   public void clear () {
      results = null;
      keys = null;
   }

   public Entry get (int index) {
      return ((Entry) results.get (keys.elementAt (index))); // TODO: perhaps this is too much?  Maybe there's an ordered Map?
   }
   public Entry get (String key) {
      return ((Entry) results.get (key));
   }

   public String get_key (int index) {
      return ((String) keys.elementAt (index));
   }

   public String get_label (String key) {
      Entry e = (Entry) get(key);
      String l = e.get ("label");
      if (l != null) { return l; }
      return (key);  // TODO: construct a label using the defined label format for the list.
   }

   public String key (int index) {
      return ((String) keys.elementAt (index));
   }
}
</piece>
</item>

<item name="entry" label="Modelling list entries">
The entry is a record within a list.  We don't actually have to have a list object to retrieve an entry; a full entry is returned by the repository
given a list ID and an entry key.  The entries returned in lists are typically truncated (usually to nothing more than their keys), so a typical
sequence of calls is to build and retrieve a list of keys, then retrieve full objects in a second pass.

<p/>
The entry object has functionality for building entries as well, because we need a way to construct entries to add them to lists.  And the
"update" function tells an entry, once modified, to save itself back to its repository.

<p/>
Note: each entry in a list is potentially a workflow process.  Thus any entry may have tasks registered against it, define roles (which may
be assigned to users), and have users registered as involved.  We can query these lists of items, and can change them in some ways (assigning a user
to a role, for instance, or adding an ad-hoc task.)

<piece>
package org.wftk;
import java.util.Map;
import java.util.Collection;

public class Entry {
   public Repository rep = null; // Every entry knows its own repository.
   public String key = null;
   public String list_id = null;
   public Map attributes = null;
   Map values = null;
   public String state = null;
   private String html = null;
   private String display_html = null;

   public Entry () {
   }
   public Entry (Repository r) {
      rep = r;
   }
   public Entry (Repository r, String list) {
      rep = r;
      list_id = list;
   }
   public Entry (Repository r, String list, String key_in) {
      rep = r;
      list_id = list;
      key = key_in;
   }

   public Collection values () { return values.keySet (); }
   public int value_count () { return values.size (); }

   public String key () {
      return key;
   }
   public String get (String field) {
      return ((String) values.get ((Object) field));
   }
   public String label (String field) {
      return field; // TODO: an actual field label
   }
   public void set (String field, String value) {
      display_html = null;
      html = null;
      if (values == null) values = new java.util.HashMap();
      values.put (field, value);
   }
   public void add (Repository r, String list) {
      rep = r;
      
   }
   public void add (String list) throws WftkException {
      if (rep == null) throw new WftkException("No repository defined for entry");
      rep.add (list, this);      
   }
   public void add () throws WftkException {
      if (rep == null) throw new WftkException("No repository defined for entry");
      if (list_id == null) throw new WftkException("Entry not attached to list");
      rep.add (list_id, this);
   }
   public String html_edit () throws WftkException {
      if (html == null) {
         html = rep.format (list_id, key, "edit");
      }
      return html;
   }
   public boolean is_editable () { return true; } // TODO: Maybe make this check some logic.
   public boolean is_task () { 
      if (list_id == "_tasks") return true;
      if (list_id == "_todo")  return true;
      return false; // TODO: is this really the best logic?
   }
   public String html_display () throws WftkException {
      if (display_html == null) {
         System.out.println ("getting display");
         display_html = rep.format (list_id, key, "display");
      }
      return display_html;
   }

   public void update () throws WftkException {
      rep.mod (list_id, this, key);
   }
   public void refresh () throws WftkException {
      rep._get (this);
   }

   public Entry get_task (String key) throws WftkException {
      return (rep.get_task(this, key));
   }

   public List tasks () throws WftkException {
      List t = new List(rep);
      t.id = "_tasks";

      rep._tasks (t, this);

      return (t);
   }
   public List roles () throws WftkException {
      return null;
   }

   /* ---- Task entries ------ */
   public void complete() throws WftkException {
      set ("state", "completed");
      update ();
   }
}
</piece>
</item>

<item name="task" label="Modelling tasks">
A task, as far as the client is concerned, is an entry with a little extra functionality.  We can construct a blank Task object and then
add it to the system as an ad-hoc task, assign it to a user, or assign it as an ad-hoc task to an existing process (Entry object).

<piece>
package org.wftk;
public class Task extends Entry {
   public Task (Repository r, String list, String key_in) {
      rep = r;
      list_id = list;
      key = key_in;
   }

   public boolean is_task() { return true; }
   public void complete () {
   }
}
</piece>
</item>

<item name="user" label="Users in the system">
A user is another form of Entry (this time in the _users list), but the user object may also own tasks and have tasks assigned to it.
We can ask the system for tasks assigned (directly) to the user, and we can ask for a list of the roles the user may take on.

<piece>
package org.wftk;
public class User extends Entry {
   public List tasks () {
      return null;
   }
   public void assign (Task task) {
   }
   public List roles () {
      return null;
   }
}
</piece>
</item>

<item name="group" label="Groups in the system">
A group is, of course, a group of users.  Currently I'm only implementing read-only access to groups, but this is naturally the place you'd
want to add functions to add users, assign roles, and stuff like that.

<piece>
package org.wftk;
public class Group extends Entry {
   public List members () {
      return null;
   }
   public List roles() {
      return null;
   }
}
</piece>
</item>

<item name="role" label="Roles">
A role is a grouping of people (not necessarily a group or a single group) who are permitted to accept a particular task which has been
assigned to that role.  A role can thus be thought of as a task queue or worklist of sorts.  We can ask the system for a list of tasks
assigned to the role, and we can ask for a list of users eligible for the role.

<piece>
package org.wftk;
public class Role extends Entry {
   public List tasks() {
      return null;
   }
   public List users() {
      return null;
   }
}
</piece>
</item>


<item name="logging" label="Logging events">
The logging facility takes a log object which extends the abstract Log class.  If the log object is null, then no logging
will be done, but if a log object is registered against the repository, then various events will be logged using this interface.
<piece>
package org.wftk;
public interface Log {
   void textLog (String str);
   void linkLog (String linktext, String content);
}
</piece>

Pretty straightforward.  On the next page, you'll see a simple implementation of this log interface which logs to stdout.
</item>

<item name="log_stream" label="Logging to streams">
The simplest way to log things is to write them to stdout; this class implements Log to do this.  (We'll extend it later to
be able to log to any text stream.)

<piece>
package org.wftk;
public class LogStream implements Log {
   public void textLog (String str) {
      System.out.println (str);
   }
   public void linkLog (String linktext, String content) {
      System.out.println ("");
      System.out.println (linktext);
      System.out.println ("-----------------------------------------------");
      System.out.println (content);
      System.out.println ("");
   }
}
</piece>
</item>

<item name="exceptions" label="Exceptions for the wftk package">
The exception model for wftk is pretty basic: there's a WftkException, and that's basically it.  Nothing special at all.

<piece>
package org.wftk;
public class WftkException extends Exception {
   private String desc;
   public WftkException (String e) { desc = e; }
   public String toString () { return desc; }
}
</piece>
</item>

</litprog>

