<litprog>
<object name="xml.java" language="java" item="xml"/>
<object name="xmlobj.java" language="java" item="xmlobj"/>


<format name="index">
<html><head><title>JNI wrapper: XMLAPI and xmlobj</title></head>
<body>
<h2>JNI wrapper: XMLAPI and xmlobj</h2>
<center>
[<a href="index.html">wftk-j</a> ] [ <a href="xmlobj.xml">xml source</a> ]
[ <a href="http://www.vivtek.com/wftk/discuss.pl">discussion</a> ]
</center>
<hr/>
<p/>
[##body##]

<center>
<hr width="75%"/>
<table width="75%"><tr><td><font size="-1">
This code and documentation are released under the terms of the GNU license.  They are
copyright (c) 2001-2003, Vivtek.  All rights reserved except those explicitly
granted under the terms of the GNU license.  This presentation was prepared with 
<a href="http://www.vivtek.com/lpml.html">LPML</a>.  Try literate programming.
You'll like it.
</font></td></tr></table>
</center>
</body></html>
</format>


<item name="xml" label="Wrapping XMLAPI and xmlobj" format="index">
This file wraps the <a href="../xmlapi/index.html">XMLAPI and xmlobj</a> libraries which manipulate the data structures
in universal use in the wftk.  It generates two classes, "xml" (which wraps the XMLAPI, but calling an object an "XMLAPI" sounds too
weird), and "xmlobj".
<p/>

The extra OO goodies that exist in the <a href="../python/wftk.html">Python OO classes</a> don't work in Java, so our wrapper
is somewhat simpler.  However, the greater part of this set of classes is pretty similar; a side-by-side study might be edifying
if you're into comparative philology.

<p/>
OK?  Here goes.  First, boilerplate GPL language (note to self: use this everywhere else in the project).

<piece>
// Copyright (c) 2003, Vivtek.
//
//  This program is free software; you can redistribute it and/or modify
//  it under the terms of the GNU General Public License as published by
//  the Free Software Foundation; either version 2 of the License, or
//  (at your option) any later version.
//  
//  This program is distributed in the hope that it will be useful,
//  but WITHOUT ANY WARRANTY; without even the implied warranty of
//  MERCHANTABILITY or FITNESS FOR A PARTICULAR PURPOSE.  See the
//  GNU General Public License for more details.
//  
//  You should have received a copy of the GNU General Public License
//  along with this program; if not, write to the Free Software
//  Foundation, Inc., 59 Temple Place, Suite 330, Boston, MA  02111-1307  USA
</piece>

Now down to work.  This is really a very mindless task, as all our wrappers are.  The only moderately interesting part is in the C implementation
of the native methods -- and trust me, those are also mindless.  This is one reason I procrastinate wrapper development so much.

First, the imports we'll be using.

<piece>
package org.wftk;
import java.io.*;     // For stream interaction.
import java.util.Vector;
import org.xml.sax.XMLReader;   // The following for SAX parsing.
import org.xml.sax.Attributes;
import org.xml.sax.InputSource;
import org.xml.sax.helpers.XMLReaderFactory;
import org.xml.sax.helpers.DefaultHandler;

</piece>

Next, the XMLAPI wrapper class.  Note that file/stream interaction is not compatible between Java and native code (or better said,
it's not all that practical to figure out how to make it so) and so for file I/O I'm going to ignore the existing XMLAPI implementations
and re-implement in Java, later.  Similarly, the use of a foreign copy of expat is a tad silly, so replacing the parsing code with
pure Java (as I've wanted to do in Python already) is also important -- but that can wait a little.
<p/>
At some point, I should redesign the XMLAPI to segregate data structure
manipulation from (1) I/O and (2) expat interaction.  This keeps coming up in wrapping situations.
<p/>
<i>A note on garbage collection and <u>close</u></i>: My reading and extensive network of informants leave me convinced that
it is a mistake to rely on garbage collection for cleanup.  Cleanup of native resources should be done explicitly, using a
"close()" method, which I have implemented.  But I still leave room for an automatic close() upon garbage collection, just in
case a caller forgets to close something.  I think that gives us the best of both worlds.

<p/>
<i>Aug 23, 2003</i>: Just as this was getting underway, we decided to attack the problem from another direction simultaneously;
the result is <a href="simple_soap.html">the simple_soap</a> class, which will allow us to write minimal code in Java while
providing full wftk functionality on a SOAP Web service via <a href="../python/index.html">Python</a>, which effort is more
advanced.  So while we're working on building the native wrapper, this <i>same</i> class will already be starting to transition
some simple functionality into pure Java, starting with the parser, which is built on SAX2.

<p/>
So all of this leads me to the conclusion that <i>really</i> any given XMLAPI object may either be pure Java, or native.  If the
latter, it will have allocations on the C heap to be managed, and we will mostly call native methods when working with it.  If
the former, then it will consist of Java objects all the way down, with nary a drop of C, and we'll use Java methods to work with it.
If they're mixed...  I dunno.  I'll burn that bridge when I get to it.  Probably we'll end up with a "give me a C-heap tree" call
which will either return the already-existing C pointer or build a whole new tree based on a pure Java structure.  This is the
cleanest way to transition into a mixed Java/C environment that <i>I</i> can think of, anyway.  And it may well be that we'll
end up doing similar shenanigans in Python someday.

<p/>
At any rate, all this mixedness has one practical upshot: if a native method is still the only implementation of a given API function
(e.g. stringcontent or something) then it will appear with no "xml_" prefix.  If, however, there are both Java and native implementations
of a function, or if a function has no meaning on the Java side (e.g. xml_free) then it will have an "xml_" prefix.  As migration
continues, more and more functions will be duplicated, and in some cases, I have no doubt that the native function will no longer be needed,
since its functionality will have been duplicated in Java.  In all cases, "xml_*" functions are private, so no external code will ever
call them.  This allows us to drop them with impunity once they're no longer needed.

<piece>
public class xml {
   private static boolean force_pure=false;
   private boolean pure_java=force_pure;
   static {
      try {
         System.loadLibrary("xmlapi_jni");
      }
      catch (Exception e) {
         force_pure=true;
      }
   }

   public boolean make_pure() {
      if (_native_xml != 0) { return false; }  // Initially, we refuse to convert a native XML object to a pure one.  TODO: re-evaluate policy.
      pure_java = true;
      return (true);
   }
   public boolean is_pure() { return pure_java; }

   // For pure-Java trees, we keep an element name and the list of attributes.
   private String element_name;
   private Vector element_attrs;
   private String textcontent;
   private boolean is_element;

   <insert name=".xml_housekeeping"/>

   <insert name="xml_parsing"/>

   // -----------------------------------------------------
   // Constructors
   // -----------------------------------------------------
   public xml () { }
   public xml (String str) throws Exception {
      parse (str);
   }
   public xml (Reader r) throws Exception {
      parse (r);
   }

   // -----------------------------------------------------
   // Formatting XML strings.
   // -----------------------------------------------------
   public native String string();
   public native String stringhtml();
   public native String stringcontent();
   public native String stringcontenthtml();

   // -----------------------------------------------------
   // Writing to files.
   //  *NOTE* -- has to be rewritten as pure Java in order to use Java's I/O.
   // -----------------------------------------------------
   public void write (OutputStream file) {
      // TODO: write this.
   }
   public void writehtml (OutputStream file) {
      // TODO: write this.
   }
   public void writecontent (OutputStream file) {
      // TODO: write this.
   }
   public void writecontenthtml (OutputStream file) {
      // TODO: write this.
   }

   // ------------------------------------------------------
   // Attribute access.
   // ------------------------------------------------------
   public native String attrval (String key);
   // attrvalnum - not needed
   public native String[] attrlist (); // A list of attribute names.
   //native ?? attrs ();  // A mapping of name->value -- I know how this works in Python; have to look it up for Java.  (TODO: use Vector)
   public native void set (String key, String value);
   // setf, setnum, set_nodup - not needed
   public native void unset (String key);
   public native void attrcat (String key, String str);

   // ------------------------------------------------------
   // Subelement identification, iteration, handle navigation.
   // ------------------------------------------------------
   public native String name ();
   public native boolean is_element ();
   public native boolean is_a (String name);

   public void to_parent () // Move handle to parent.  This is a good foot-shooter, I think.
   {
      _nav_carefully (xml_parent());
   }
   public xml parent () // Returns a new handle object which refers to the XML parent of the current object.
   {
      xml p = this.newhandle();
      p.to_parent();
      return (p);
   }
   private native int xml_parent ();  // Returns *XML handle* of native parent.

   public native xml[] elements (); // Returns new handles to all the children of the current object.

   // Low-level iterators/navigation
   private void _nav_carefully (int to_where) {
      if (to_where != 0) {
         _native_xml = to_where;
         _nav_ok = true;
      } else {
         _nav_ok = false;
      }
   }
   private boolean _nav_ok = false;
   public boolean nav_ok () { return _nav_ok; }

   public void to_first () { _nav_carefully (xml_first()); }
   public void to_firstelem () { _nav_carefully (xml_firstelem()); }
   public void to_next () { _nav_carefully (xml_next()); }
   public void to_nextelem () { _nav_carefully (xml_nextelem()); }
   public void to_last () { _nav_carefully (xml_last()); }
   public void to_lastelem () { _nav_carefully (xml_lastelem()); }
   public void to_prev () { _nav_carefully (xml_prev()); }
   public void to_prevelem () { _nav_carefully (xml_prevelem()); }

   private native int xml_first ();
   private native int xml_firstelem ();
   private native int xml_next ();
   private native int xml_nextelem ();
   private native int xml_last ();
   private native int xml_lastelem ();
   private native int xml_prev ();
   private native int xml_prevelem ();

   // High-level iterator -- a nested class may be more appropriate to Java.  Actually, I think handle navigation works better....
   public void iterate (xml parent, String type, String dir) { // TODO: default type='elem', dir='f' from Python; Java equiv?
      // TODO: implement
   }
   public xml iterator() {
      // TODO: implement
      return new xml();
   }
   public void rewind () {
      // TODO: implement
   }
   public xml advance () {
      // TODO: implement
      return this;
   }

   // ---------------------------------------------
   // Element manipulation
   // ---------------------------------------------
   private native void xml_create(String name);
   public void create (String name) {
      close();
      if (is_live()) return; // TODO: throw exception here.

      if (pure_java) {
         element_name = name;
      } else {
         xml_create (name);
      }
   }
   public native void createtext(String name);
   public native void textcat(String name);
   public native void delete();
   private native void xml_free ();
   public native void delete_pretty();
   public xml new_copy () {
      xml ret = new xml();
      ret.copy (this);      
      return ret;
   }
   public void copy(xml other)
   {
      close();
      if (is_live()) return; // TODO: exception.

      xml_copy (other);
   }
   private native void xml_copy (xml other);
   public native void copyinto (xml other);
   public native void copyattrs (xml other);

   public void replace (xml other) {
      xml_replace (other);
      _native_xml = other._native_xml;
      other.close();
   }
   private native void xml_replace (xml other);
   public native void xml_replacecontent (xml other);
   public native void replacewithcontent (xml other);

   private native void xml_prepend (xml newchild);
   public void prepend (xml newchild)
   {
      attach_handle (newchild);
      xml_prepend (newchild);
   }
   private native void xml_prepend_pretty (xml newchild);
   public void prepend_pretty (xml newchild)
   {
      attach_handle (newchild);
      xml_prepend_pretty (newchild);
   }
   private native void xml_append (xml newchild);
   public void append (xml newchild)
   {
      attach_handle (newchild);
      xml_append (newchild);
   }
   private native void xml_append_pretty (xml newchild);
   public void append_pretty (xml newchild)
   {
      attach_handle (newchild);
      xml_append_pretty (newchild);
   }

   public native xml xml_insertafter (xml something);  // Huh?  I forget the semantics...
   public native xml xml_insertbefore (xml something);
   

   // ---------------------------------------------
   // Finding pieces of XML
   // ---------------------------------------------
   public void to_loc (String location) { _nav_carefully (xml_loc (location)); }
   private native int xml_loc (String location);

   public native String getloc ();
   public native xml search (String elem, String attr, String val);
   public native xml[] search_all (String elem, String attr, String val);

   // ---------------------------------------------
   // Binary pointer access?  Not sure how healthy this is for Java.
   // ---------------------------------------------

   // ---------------------------------------------
   // UTF8 stuff -- don't know how this should react to Java, either.
   // ---------------------------------------------

   // ---------------------------------------------
   // Sorting -- as this only works on lists, it's not relative to an instance
   // ---------------------------------------------
   //native static sort (xml[] list, xml sort);

   // ---------------------------------------------
   // SOAP assembly
   // ---------------------------------------------
   public void assemble (xml start, xml src) {
      close();
      if (is_live()) return; // TODO: throw exception here.

      xml_assemble (start, src);
   }
   private native void xml_assemble (xml start, xml src);

}
</piece>
</item>


<item name="xml.xml_housekeeping" label="Handles and housekeeping for the XML object">
Each XML object may either manage an actual tree itself, or it may simply be
a handle into a tree rooted in another XML object.  In the pure-Java representation,
this isn't so much of a factor (since every element ends up being a separate XML object
anyway) but if the tree is a native tree allocated on the C heap, then it's important
that things only get deallocated when we know we're done with them.  Moreover, if the
tree is on the C heap, not every element will have a Java XML object as a handle; we
can think of a few Java handles providing views into a C tree.
<p/>
The upshot is that we end up needing to know what children we have open so that they
can be properly closed; if no more children are open, and we are closing, then we
need to xml_free the C-heap tree if we have one.  And if we still have children, then
we have to refuse to close until all the children are closed.
<p/>
This isn't a very clear writeup, but hopefully it will help you understand the
motivation for this housekeeping code below.

<piece>
   // -----------------------------------------------------
   // Housekeeping members
   // -----------------------------------------------------
   private int _native_xml = 0; // Saves pointer to XML structure on C heap.
   private xml _parent = null;     // Prevents parent from being garbage-collected (and freeing the XML) until we're quite done with it.
   private Vector handles = null;  // A list of all nodes which have the current object as _parent.

   private boolean officially_closed = false;

   // -----------------------------------------------------
   // Housekeeping functions.
   // -----------------------------------------------------
   private void attach_handle (xml newhandle)
   {
      xml attach_to = this;
      while (attach_to._parent != null) attach_to = attach_to._parent;

      if (attach_to.handles == null) attach_to.handles=new Vector ();
      attach_to.handles.add(newhandle);
      newhandle._parent = attach_to;
   }
   private void attach_to_parent (xml newparent)
   {
      newparent.attach_handle (this);
   }
   private void detach_handle (xml handle)
   {
      if (handles == null) return;

      if (handles.remove (handle)) {
         handle._parent = null;
      }

      if (handles.isEmpty() #^7#^7 officially_closed) {
         close();
      }
   }
   private void detach_from_parent ()
   {
      if (_parent == null) return;
      _parent.detach_handle (this);
   }

   public void close ()
   {
      element_name = null;
      if (pure_java) return; // The rest is handling the heap.

      if (handles == null || handles.isEmpty()) {
         if (_parent == null) { // No children, no parent: deallocate native structure, if any.
            if (_native_xml != 0) {
               xml_free ();
               _native_xml = 0;
            }
         } else {
            xml parent_ref = _parent;
            detach_from_parent();
            _native_xml = 0;
         }
      } else {
         officially_closed = true; // We'll really close when all our children close.
      }
   }

   public boolean is_live()
   {
      if (handles != null #^7#^7 !handles.isEmpty()) return true;
      return false;
   }

   ///c:\\progra~1\\s1studio_jdk\\j2sdk1.4.1_02\\bin\\javac xmlobj.java
   ///xmlobj.java:39: finalize() in xml cannot override finalize() in java.lang.Object
   ///; attempting to assign weaker access privileges; was protected
   //
   // So the idea is that in the last ditch, finalize would close the object if necessary.
   // But finalize has other ideas.
   //
   //void finalize ()
   //{
   //   this.close();
   //}
</piece>

<i>August 24, 2003</i>: So I just realized that all along I've been confusing the notions of XML object and handle-into-XML-object.  This has
really hindered development of the whole OO schema.  The handle-parent is <i>not</i> the same as the XML parent of an object.  In fact, a
handle can be considered a navigable view onto a tree -- but to make it work, we need new handle-creation functions.  Here is as good a place
as any to include those.

<p/>
The "newhandle" function makes a new xml object which is a handle into the current object, while "handle_to" makes the current object a handle
into another object.  The ideal is to keep all handles attached to the top-level object, so both of these traverse the handle tree upwards to
the top before registering themselves as handles.

<piece>
   public xml newhandle ()
   {
      xml handle = new xml();
      attach_handle (handle);

      handle._native_xml = this._native_xml;  // Start out looking at the same XML.

      return handle;
   }
   public void handle_to (xml other)
   {
      if (is_live()) return; // TODO: should throw exception.

      other.attach_handle (this);

      _native_xml = other._native_xml;
   }
</piece>
</item>

<item name="xml_parsing" label="Parsing XML using SAX2 under Java">
So you hear a lot of buzz about SAX versus DOM parsers, and there's a lot of cruft involved in generating a strongly-typed XML parser for Java objects --
but when you get right down to it, the wftk approach of building a loosely typed tree translates pretty well to Java.  SAX (the Simple Api for Xml) really
is a simple API; it's trying to grok how it works that's less than simple, because it's event-oriented.  As the XML parser encounters various things
in the XML, the SAX library calls events we register, and then we ... do things.  In our case, we build our tree.  Whether the tree is native (i.e.
allocated on the C heap) or pure (i.e. consists only of Java objects with no representation on the C heap) doesn't really matter.  What matters is that
we have a structure built of elements with attributes, which have children.

<p/>

So anyway, parsing is pretty easy.  We create a parser object, register handlers, then process it.  Basically, this is <i>identical</i> to how we use
expat in the C library, so life is in general pretty good today.  When handed an object, we attempt to build an XML reader on it; if we fail, we fail
miserably.  This is where parse_general would be an attractive addition to the Java API, by registering data-retrieval functions or something
 -- but that can wait.

<p/>
The "parse_state" subclass (I am really starting to like this Java subclass stuff, if you hadn't noticed) bundles up the handles to content we're
building, and provides a nice place to hide the event handling machinery.  Java is kinda neat.  I might end up hooked or something.
<p/>
Well, except for the fact that I wanted to declare parse(Object in) and let Java sort things out at runtime, like Python.  Silly me.  Types must resolve
at compile time in Java.  So we have three identical "parse" implementations, to the letter -- save for their input types.  That strikes me as weird.
Is this really the way this is handled in Java?  I mean, it <i>works</i>, but it's dangerous.  What if I modify only one implementation?

<p/>
<i>Aug 24, 2003</i>: So I have enough of the wrapper finished that I can actually build a tree based on parser events.  Now the challenge is that
I want to make sure I only build a minimal number of Java objects while building the tree.

<piece>
   // ------------------------------------------------------
   // Reading XML from strings and files.
   // ------------------------------------------------------
   // parse_general: TODO: redo in Java
   // void read (InputStream file) NOTE: no need for separate "parse" and "read" in Java.

   public void parse (java.io.InputStream in) throws Exception
   {
      close (); // Make sure we don't orphan any existing content here.
      if (is_live()) return; // TODO: Need to throw an exception, actually.

      parse_state p = new parse_state(this);
      p.use_input (in);

      p.parse (); // This throws an exception if passed something InputSource can't handle.
   }
   public void parse (java.io.Reader in) throws Exception
   {
      close (); // Make sure we don't orphan any existing content here.
      if (is_live()) return; // TODO: Need to throw an exception, actually.

      parse_state p = new parse_state(this);
      p.use_input (in);

      p.parse (); // This throws an exception if passed something InputSource can't handle.
   }
   public void parse (java.lang.String in) throws Exception
   {
      close (); // Make sure we don't orphan any existing content here.
      if (is_live()) return; // TODO: Need to throw an exception, actually.

      parse_state p = new parse_state(this);
      p.use_input (in);

      p.parse (); // This throws an exception if passed something InputSource can't handle.
   }

   private class parse_state extends DefaultHandler {
      xml top;
      xml current;
      xml inner;
      XMLReader xr;
      InputSource in;

      parse_state (xml caller) throws Exception {
         top = caller;
         current = null;
         inner = null;
         xr = XMLReaderFactory.createXMLReader();

         xr.setContentHandler(this);
         xr.setErrorHandler(this);
      }

      // Building input thingies.
      public void use_input (java.io.InputStream byteStream) { in = new InputSource (byteStream); }
      public void use_input (java.io.Reader characterStream) { in = new InputSource (characterStream); }
      public void use_input (java.lang.String string) {
         StringReader sr = new StringReader (string);
         in = new InputSource (sr);
      }

      public void parse() throws Exception {
         xr.parse(in);
      }

      public void startElement (String uri, String name, String qName, Attributes atts)
      {
         String element_name;
         if ("".equals (uri))
            element_name = qName;
         else
            element_name = name;  // TODO: XMLAPI currently ignores namespaces entirely.  This is a story that *really* needs revisiting.

         if (current == null) {
            top.create (element_name);
            for (int i=0; i < atts.getLength(); i++) {
               top.set (atts.getQName (i), atts.getValue(i));
            }
            current = top.newhandle();
         } else {
            if (inner == null) inner = new xml();
            inner.create (element_name);
            for (int i=0; i < atts.getLength(); i++) {
               inner.set (atts.getQName (i), atts.getValue(i));
            }
            current.append (inner);
            xml temp = current;
            current = inner;
            inner = temp;
            inner.close ();
         }
      }

      public void endElement (String uri, String name, String qName)
      {
         current.to_parent();
      }

      public void endDocument ()
      {
         current.close();
      }

      public void characters (char ch[], int start, int length)
      {
         xml char_node = new xml();
         String sb = new String(ch, start, length);
         char_node.createtext (sb);
         current.append (char_node);
         char_node.close();
      }
   }

</piece>

</item>


<item name="xmlobj" label="Wrapping XMLAPI and xmlobj" format="index">
<piece>
package org.wftk;
public class xmlobj extends xml {
   static {
      System.loadLibrary("xmlapi_jni");
   }

   // ---------------------------------------------
   // Constructors
   // ---------------------------------------------

   // ---------------------------------------------
   // Getting and setting list definition.
   // The list definition is an XML structure which does some of what a DTD should be doing.
   // We simply provide a reference to a regular old "xml" object for this.
   // ---------------------------------------------
   xml _list;
   void define (xml list) {
      this._list = list;
   }
   public xml defn () {
      return this._list;
   }

   // ---------------------------------------------
   // Field reading.
   // ---------------------------------------------
   public native String get (String field);
   public native String key ();
   public native String format (String format);

   // ---------------------------------------------
   // Field writing.  Note that we can choose element or field storage.
   // ---------------------------------------------
   public native void set (String key, String value);
   public native void set_elem (String key, String value);

   // ---------------------------------------------
   // Diff/patch functionality
   // ---------------------------------------------
   public native xmlobj diff (xmlobj changed);
   public native xmlobj undiff (xmlobj diff);
   public native xmlobj patch (xmlobj diff);

   // ---------------------------------------------
   // Versioning functionality
   // ---------------------------------------------

   // ---------------------------------------------
   // Value lists
   // ---------------------------------------------

   // ---------------------------------------------
   // Sorting lists of xmlobj records
   // ---------------------------------------------
   static native xml list_sort (xml[] list, xml defn, String order);
}
</piece>

And that, as they say, was that.  Our first JNI wrapper effort.  W00t.  Let's deal with the details now.

</item>

</litprog>

