<litprog>
<object name="wftk_adaptors.c" language="c" item="wftk_adaptors"/>


<format name="index">
<html><head><title>wftk adaptor code</title></head>
<body>
<h2>wftk: wftk adaptor code</h2>
<center>
[ <a href="wftk_engine.zip">download</a> ] [<a href="index.html">wftk core engine</a> ] [ <a href="wftk_adaptors.xml">xml source</a> ]
[ <a href="http://www.vivtek.com/wftk/discuss.pl">discussion</a> ]
</center>
<hr/>
The adaptors used by wftk to interface with other systems or components of the wftk system are managed using the
following code.  This code is most definitely version pre-1.0, so it will probably change and mature quite a bit over the
next few months.  Right now, I'm envisioning basically a hard-coded set of API definition structures, and very little
search smarts.  Eventually, I'll figure out a hash table library and it'll rip through all this code like wildfire, but
in the meantime I don't anticipate that scalability will be much of an issue with the number of implementations of a
given module which need to be active in an installation at the same time...  So what I'm saying is I don't see this
as a really high priority.  Your mileage (as always) may vary.
<p/>
[##body##]

<center>
<hr width="75%"/>
<table width="75%"><tr><td><font size="-1">
This code and documentation are released under the terms of the GNU license.  They are
additionally copyright (c) 2000, Vivtek.  All rights reserved except those explicitly
granted under the terms of the GNU license.  This presentation was prepared with 
<a href="http://www.vivtek.com/lpml.html">LPML</a>.  Try literate programming.
You'll like it.
</font></td></tr></table>
</center>
</body></html>
</format>


<item name="wftk_adaptors" label="wftk adaptor code" format="index">
There is no include file for this, as the wftk_internals takes care of definition.  So I'll just cut to the chase
with the source file -- and all on this one page, too!
<p/>
The whole thing, as I envision it, is pretty dumb.  An API consists of a table of functions, a table of names of the
functions, and the number of entries in each table.  Each function takes a vararg list of parameters, and returns an
XMLAPI pointer.  There is no error checking done by the adaptor code.
<p/>
This is pretty much a poor man's ActiveX; the point of ActiveX is to make interchangeable implementations
of adaptor APIs, and this is one of the reasons I actually respect Microsoft's programming work.  Of course, given the
resources, I would have done a better job.  And in fact this module is a first implementation of something that could
someday be a better job.
<p/>
So.  We've got two main functions to define: <code>wftk_get_adaptor</code> retrieves a pointer to an adaptor structure
by type and name.  The type is an integer defined at compile-time.  The other function, <code>wftk_call_adaptor</code>,
naturally provides a call interface for functions in the API.
<piece>
#include [[stdio.h>
#include [[varargs.h>
#include [[string.h>
#include [[malloc.h>
#include "xmlapi.h"

typedef struct wftk_adaptor WFTK_ADAPTOR;
typedef XML * (*WFTK_API_FUNC) (WFTK_ADAPTOR * ad, ...);

struct wftk_adaptor {
   int num;                /* Supplied by the adaptor. */
   XML * parms;            /* Supplied by the caller. */
   char * names;           /* Supplied by the adaptor. */
   WFTK_API_FUNC * vtab;   /* Supplied by the adaptor driver. */
}
</piece>

Notice that one-element array of API entries.  That's an old trick I learned from some of the DOS and 16-bit Windows
APIs.  The wftk_adaptor structure is malloc'd (or simply declared) to be whatever size is necessary, but the struct
can't represent that.  This is the dodge you use to make everybody happy.  The only drawback is that the compiler
doesn't like it for literal values.  We're going to get around that by hard-coding a different definition of the
wftk_adaptor structure for each adaptor we define.  A little ugly but functional.

<p/>
The way this works is that each type of adaptor has a list of function names that drivers implement.  Each driver has
a list of functions implementing those names.  When the calling program calls <code>wftk_get_adaptor</code>, it first
determines the type of adaptor (using the type number), then splits the specifier on a colon to get the name of the
driver to use.  Anything after that optional colon is passed to the initialization function to build into the arbitrary
parameters (which are of course an in-memory XML structure.  I'm really getting attached to that data structure.)

<p/>
How the actual drivers are found and initialized is up to the config module; in the first run, it'll just be hardcoded.
</item>

<item name="wftk_adaptors.wftk_get_adaptor" label="Definition of wftk_get_adaptor()">
Building an adaptor instance, then, is pretty easy but not trivial.  Let's look.
<piece>

</item>

<item name="wftk_adaptors.wftk_call_adaptor" label="Definition of wftk_call_adaptor()">
The calling of an adaptor, once it's found, is absurdly simple.
</item>

</litprog>


