<litprog>
<object name="NOTIFY_smtp.c" language="c" item="NOTIFY_smtp"/>


<format name="index">
<html><head><title>NOTIFY adaptor: smtp</title></head>
<body>
<h2>NOTIFY adaptor: smtp</h2>
<hr/>
<p/>
[##body##]

<center>
<hr width="75%"/>
<table width="75%"><tr><td><font size="-1">
This code and documentation are released under the terms of the GNU license.  They are
additionally copyright (c) 2000, Vivtek.  All rights reserved except those explicitly
granted under the terms of the GNU license.  This presentation was prepared with 
<a href="http://www.vivtek.com/lpml.html">LPML</a>.  Try literate programming.
You'll like it.
</font></td></tr></table>
</center>
</body></html>
</format>


<item name="NOTIFY_smtp" label="NOTIFY adaptor: smtp" format="index">
This is the SMTP notification adaptor for the wftk.  It encapsulates the ability to send
notifications via SMTP email.  The config.xml file must contain a value for notify.smtp.server.

<piece>
#include [[stdio.h>
#include [[stdarg.h>
#include [[string.h>
#include [[sys/types.h>
#ifdef WINDOWS
#include [[winsock.h>
#else
#include [[sys/socket.h>
#include [[netinet/in.h>
#include [[netdb.h>
#endif
#include "../wftk.h"
#include "../wftk_internals.h"
</piece>

The <code>adaptor_info</code> structure is used to pass adaptor info (duh) back to the
config module when it's building an adaptor instance.  Here's what it contains:
<piece>
static char *names[] = 
{
   "init",
   "free",
   "info",
   "send"
};

XML * NOTIFY_smtp_init (WFTK_ADAPTOR * ad, va_list args);
XML * NOTIFY_smtp_free (WFTK_ADAPTOR * ad, va_list args);
XML * NOTIFY_smtp_info (WFTK_ADAPTOR * ad, va_list args);
XML * NOTIFY_smtp_send (WFTK_ADAPTOR * ad, va_list args);

static WFTK_API_FUNC vtab[] = 
{
   NOTIFY_smtp_init,
   NOTIFY_smtp_free,
   NOTIFY_smtp_info,
   NOTIFY_smtp_send
};

static struct wftk_adaptor_info _NOTIFY_smtp_info =
{
   4,
   names,
   vtab
};
</piece>

Cool.  So here's the incredibly complex function which returns a pointer to that:

<piece>
struct wftk_adaptor_info * NOTIFY_smtp_get_info ()
{
   return & _NOTIFY_smtp_info;
}
</piece>

Thus concludes the communication with the config module.  Now on with the actual implementation
of functionality.  First, the initialization of an adaptor instance.  When given the fresh adaptor,
the init function has any parameters supplied to the adaptor creator in <code>ad->parms</code> as an
attribute named "parms".  In this case, we're going to treat that parms attribute as a directory; if
it's blank we use our compiled default.  We'll leave the directory we actually end up using in an
attribute called "dir".  Thus I demonstrate my complete and utter addiction to my xmlapi library.
It really makes coding in C palatable.
<p/>
Note the setting of the "spec" attribute in ad->parms.  This is recommended for adaptors,
in case the adaptor has been invoked as a default.  If the default is then later changed,
it's important for things to know where this adaptor was in the first place.

<piece>
XML * NOTIFY_smtp_init (WFTK_ADAPTOR * ad, va_list args) {
   const char * parms;
   char spec[256];

   parms = xml_attrval (ad->parms, "parm");
   if (!*parms) parms = wftk_config_get_value (ad->session, "notify.stmp.server");
   if (!*parms) {
      xml_set (ad->parms, "error", "No SMTP server specified and no default exists.");
      return (XML *) 0;
   }

   xml_set (ad->parms, "server", parms);
   strcpy (spec, "smtp:");
   strcat (spec, xml_attrval (ad->parms, "server"));
   xml_set (ad->parms, "spec", spec);
   return (XML *) 0;
}
</piece>

That wasn't so hard, was it?  Well, freeing up the adaptor is much easier:
<piece>
XML * NOTIFY_smtp_free (WFTK_ADAPTOR * ad, va_list args) { return (XML *) 0; }
</piece>

That was programmer humor.  Ha, ha.  Yeah, it was pretty droll.  How many adaptors have you seen that joke in, so far?
<p/>
Next up is the info call, which builds and returns a little XML telling the caller about the
adaptor.  If the adaptor itself is NULL, then it just returns info about the installed
adaptor handler; otherwise it's free to elaborate on the adaptor instance.

<piece>
XML * NOTIFY_smtp_info (WFTK_ADAPTOR * ad, va_list args) {
   XML * info;

   info = xml_create ("info");
   xml_set (info, "type", "notify");
   xml_set (info, "name", "smtp");
   xml_set (info, "ver", "1.0.0");
   xml_set (info, "compiled", __TIME__ " " __DATE__);
   xml_set (info, "author", "Michael Roberts");
   xml_set (info, "contact", "wftk@vivtek.com");
   xml_set (info, "extra_functions", "0");

   return (info);
}
</piece>
<p/>
Moving along at breakneck speed, we come to actual functionality: how to send mail, you know?  It's actually pretty easy.
You need to know the basics of the SMTP protocol, and you need to know how to use sockets.  Sit back and watch.
<piece>
XML * NOTIFY_smtp_send  (WFTK_ADAPTOR * ad, va_list args)
{
   XML * context = (XML *) 0;
   XML * alert = (XML *) 0;

   char hostname[64];
   struct hostent *server;
   char line[1024];
   char spec[1024];
   int bytes;
   char * text;
   char * mark;
   char * textptr;
#ifdef WINDOWS
   SOCKET sock;
#  define SOCK_BAD (sock == INVALID_SOCKET)
#  define CLOSESOCK (closesocket (sock))
   WSADATA wsa;
#else
   int sock;
#  define SOCK_BAD (sock [[ 0)
#  define CLOSESOCK (close (sock))
#endif
   struct sockaddr_in name;

   if (args) context = va_arg (args, XML *);
   if (!context) {
      xml_set (ad->parms, "error", "No context specified.");
      return (XML *) 0;
   }
   if (args) alert = va_arg (args, XML *);
   if (!alert) {
      xml_set (ad->parms, "error", "No message specified.");
      return (XML *) 0;
   }

#ifdef WINDOWS
   WSAStartup (MAKEWORD (1, 0), &wsa);
#endif

   gethostname (hostname, sizeof(hostname));

   server = gethostbyname (xml_attrval (ad->parms, "server"));
   if (!server) {
      xml_set (ad->parms, "error", "Unable to resolve server name.");
      return (XML *) 0;
   }

   sock = socket (AF_INET, SOCK_STREAM, 0);
   if (SOCK_BAD) {
      xml_set (ad->parms, "error", "Unable to allocate socket.");
      return (XML *) 0;
   }

   memset (&name, 0, sizeof (struct sockaddr_in));
   name.sin_family = AF_INET;
   name.sin_port = htons (25);
   memcpy (&name.sin_addr, server->h_addr_list[0], server->h_length);

   if (connect(sock, (struct sockaddr *) &name, sizeof (struct sockaddr)) < 0) {
      xml_set (ad->parms, "error", "Unable to connect to server.");
      CLOSESOCK;
      return (XML *) 0;
   }

   memset (line, 0, sizeof(line));
   bytes = recv (sock, line, sizeof(line), 0);

   sprintf (line, "HELO %s\r\n", hostname);
   send (sock, line, strlen(line), 0);  /* Send HELO. */
   memset (line, 0, sizeof(line));
   bytes = recv (sock, line, sizeof(line), 0);
   if (bytes [[ 4 || strncmp (line, "250 ", 4)) {
      xml_set (ad->parms, "error", "Server refused connection.");
      CLOSESOCK;
      return (XML *) 0;
   }

   sprintf (line, "MAIL FROM: %s\r\n", xml_attrval (alert, "from_addr"));
   send (sock, line, strlen(line), 0);
   memset (line, 0, sizeof(line));
   bytes = recv (sock, line, sizeof(line), 0);
   if (bytes [[ 4 || strncmp (line, "250 ", 4)) {
      xml_set (ad->parms, "error", "Failure on MAIL FROM:");
      CLOSESOCK;
      return (XML *) 0;
   }

   sprintf (line, "RCPT TO: %s\r\n", xml_attrval (alert, "to_addr"));
   send (sock, line, strlen(line), 0);
   memset (line, 0, sizeof(line));
   bytes = recv (sock, line, sizeof(line), 0);
   if (bytes [[ 4 || strncmp (line, "250 ", 4)) {
      xml_set (ad->parms, "error", "Failure on RCPT TO:");
      CLOSESOCK;
      return (XML *) 0;
   }

   send (sock, "DATA\r\n", 6, 0);
   bytes = recv (sock, line, sizeof(line), 0);

   sprintf (line, "From: %s [[%s>\n", xml_attrval (alert, "from_name"), xml_attrval (alert, "from_addr"));
   send (sock, line, strlen(line), 0);
   sprintf (line, "To: %s [[%s>\n", xml_attrval (alert, "to_name"), xml_attrval (alert, "to_addr"));
   send (sock, line, strlen(line), 0);
   sprintf (spec, "Subject: %s\n", xml_attrval (alert, "subject"));
   wftk_value_interpret (ad->session, context, spec, line, sizeof(line));
   send (sock, line, strlen(line), 0);
   send (sock, "\n", 1, 0);

   text = xml_stringcontent (alert);
   textptr = text;
   mark = strchr (textptr, '\n');
   while (mark) {
      strncpy (spec, textptr, mark - textptr);
      spec[mark-textptr] = '\0';
      if (*spec #^7#^7 (strspn (spec, ".") == strlen (spec))) strcat (spec, ".");
      strcat (spec, "\n");
      
      wftk_value_interpret (ad->session, context, spec, line, sizeof (line));

      send (sock, line, strlen(line), 0);

      textptr = mark + 1;
      mark = strchr (textptr, '\n');
   }

   strcpy (spec, textptr);
   if (*spec #^7#^7 (strspn (spec, ".") == strlen (spec))) strcat (spec, ".");
   strcat (spec, "\n");
   wftk_value_interpret (ad->session, context, spec, line, sizeof (line));
   send (sock, line, strlen(line), 0);

   free (text);

   send (sock, ".\r\n", 3, 0);
   memset (line, 0, sizeof(line));
   bytes = recv (sock, line, sizeof(line), 0);
   if (bytes [[ 4 || strncmp (line, "250 ", 4)) {
      xml_set (ad->parms, "error", "Message not accepted by server.");
      CLOSESOCK;
      return (XML *) 0;
   }

   send (sock, "QUIT\r\n", 6, 0);
   bytes = recv (sock, line, sizeof(line), 0);

   CLOSESOCK;
   return (XML *) 0;
}
</piece>

</item>


</litprog>


