<litprog>
<object name="testtool.c" language="c" item="index"/>

<format name="index">
<html><head><title>Testing system</title></head>
<body>
<h2>Testing system: use case and test result management wftk-style</h2>
<center>
[ <a href="testtool.xml">xml source</a> ]
[ <a href="http://www.vivtek.com/wftk/discuss.pl">discussion</a> ]
</center>
<hr/>
[##body##]

<center>
<hr width="75%"/>
<table width="75%"><tr><td><font size="-1">
This code and documentation are released under the terms of the GNU license.  They are
copyright (c) 2003, Vivtek.  All rights reserved except those explicitly
granted under the terms of the GNU license.  This presentation was prepared with 
<a href="http://www.vivtek.com/lpml.html">LPML</a>.  Try literate programming.
You'll like it.
</font></td></tr></table>
</center>
</body></html>
</format>


<item name="index" label="Testing tool" format="index">
This testing facility is my last-ditch response to frankly not being able to keep track of what's working and what's not
in this ever-growing beast of a system.  The idea should be relatively applicable to any number of testing and testing-like
situations, of course.
<p/>
At least at first, this subsystem has nothing whatsoever to do with workflow or with repository management.  It depends solely
on the <a href="../xmlapi/index.html">XMLAPI</a> for dealing with structured data and XML files.  Of course, eventually the results
of tests should prompt workflow handling, and they should be available as a structured repository, and so on -- but I really can't
do everything at once, as much as I like to think I can.  So this is starting simple, and hopefully I'll actually be able to use it
in the near future to solve real-world problems.
<p/>

The central item of the test system definition is the <i>unit test</i>, which is denoted by an XML "test" element.  Each test can
have any number of subtests; this provides us with an outline structure to our result report.  The result report is of course
an HTML file or collection of same, each of which show the code used to run the test, the detailed results of the test, any arbitrary
explanatory text associated with the unit test, and such statistics as the last time run.  At some point it'd be nice to archive old
test results for comparison with current ones, so the system could be used to keep tabs on external system as a sort of sysadmin
background tool, analyzing trends and things like that, making it a good general reporting tool.  But that's not what I need right now.
So in keeping with the new wftk philosophy that it's better to get something small done than to do 10% of a masterpiece, I'm going to
ignore it.  With a kind of longing look in my eyes.

<p/>
Other elements will be covered as they are defined, and of course your best bet is to learn by example by studying the tests
for the repository manager.  Let's cut to the chase and get to programming.  The overall structure of the
program is as follows.  Note that an invocation of the program is like this, so that all system tags which apply are located on the
command line (this allows us to specify some commands for Unix and then subsets of those for Solaris or Linux, for example):
<blockquote>
<code>testtool [system tag] [system tag] ...</code>
</blockquote>

There are two phases to a run.  Fist, we read and validate the test definitions.  If no errors occur, the next step is to compile an action
plan from the test description.  An action plan consists of a series of named tests and subtests to be executed in sequence.  Currently, only
complete action plans can be executed (later actions may thus depend on the results of earlier ones) but at some point it might be a good idea
to make it possible to rerun selected pieces of an action plan.
<p/>
Once the action plan is compiled, it can be executed.  The results of an execution are a series of result objects with named values and 
test results.  Those objects can be saved for comparison with later results (to allow periodic monitoring of systems).  This would naturally be
an excellent point of interface to a repository management strategy.
<p/>
The final step is to format the result object according to the definition and write the formatted report to a series of HTML files.  (Later
those HTML pieces may be used in a more comprehensive content system, or not.  We don't really care.)

<piece>
#include [[stdio.h>
#include [[stdlib.h>
#include [[string.h>
#include [[xmlapi.h>
#include [[stat.h>
#include [[direct.h>

XML * tests;

void print_xml_error (const char * filename, XML * error);
void compile_action_plan (XML * defn);
void run_action_plan (const char * filename);
int  do_setup_dir (XML * setup);
int  do_setup_file (XML * setup);
int  do_run_program (XML * action);

int main(int argc, char *argv[])
{
   char * filename;
   FILE * in;
   XML * mark;

   <insert name=".reading"/>
   compile_action_plan (tests);
   run_action_plan (xml_attrval (tests, "filename"));
   <insert name=".formatting"/>

   return (0);  
}

void compile_action_plan (XML * defn) {
   <insert name=".compilation"/>
}
void run_action_plan (const char * filename) {
   <insert name=".running"/>
}
<insert name=".do_setup_dir"/>
<insert name=".do_setup_file"/>
<insert name=".do_run_program"/>
<insert name=".utilities"/>
</piece>
</item>

<item name="index.reading" label="Reading and validating the test structure">
Our first task is to read and validate the test structure, starting with define.tst in the current directory and working
our way down the tree, possibly including other files in the current directory or subdirectories.
As we go, we test for XML well-formedness and report any errors.  If
there are errors reading the test definitions, the test process stops after getting as far as possible with reading the definitions.

<piece>
filename = "define.tst";
in = fopen (filename, "r");
if (!in) {
   printf ("No '%s' found in current directory.\n", filename);
   exit (1);
}

printf ("Reading define.tst\n");
tests = xml_read_error(in);
fclose (in);

if (xml_is (tests, "xml-error")) {
   print_xml_error (filename, tests);
   exit (1);
}
</piece>

Assuming the top-level test structure was read successfully, we can iterate along it and load any subtests which are located in
other files, then do the same recursively for each of the subtests.  I'm going to postpone this for later, but this is where
it would happen.
</item>


<item name="index.compilation" label="Compiling the action plan">
Once the test structure is read, then we are ready to compile our action plan(s).  Tests consist of three basic types of information:
<ul>
<li>Descriptive text (arbitrary HTML) which puts the test into perspective and formats the results into a useful report.</li>
<li>Code to be executed, either to set up or initialize a test environment, to call the code actually being tested, or to
postprocess earlier test results for easier checking.</li>
<li>Value assertions, which categorize a given result into a passed test or a failed one.</li>
</ul>

Each test in the test definition structure thus contains a mixture of subtests, setup actions, code actions, and assertions.  The subtests
will be handled recursively; each individual test, however, defines a separate named action plan.  Since tests are presumed to
be executed in order, subtests are marked with a "run this other action plan" element as a sort of subroutine.  However, subtests
generate independent result objects, since each result object corresponds to a single action plan.
<p/>
The elements which define actions are:
<ul>
<li><u>setup type="dir"</u> - defines a test directory, which is a subdirectory of the directory containing the action plan.
If the directory exists its contents will be deleted.</li>
<li><u>setup type="file"</u> - writes a file.  The contents of the file are given; if the file is already present it will be overwritten.</li>
<li><u>do</u> - takes action.  For now, this just means running a program.
Stdout and stderr can be directed into the result object.
Stdin can be directed from the content of the element</li>
</ul>
Eventually, of course, "do" will also be able to do some kind of adaptor access or something in order to define testing actions which
are more complex than just running system commands.
<p/>
Action plans are written to the local directory as XML files with an "act" extension.  At some point it'd be nice to be able to
specify an overriding filename mask for action plans.
<p/>
The following code chunk is called with the test definition in "defn".  It builds an action plan (including calls for any subtests) and
then writes the action plan to the appropriate file.

<piece>
XML * test;
XML * action;
XML * p;
FILE * out;
int subtests = 0;
int assertions = 0;

action = xml_create ("action");
test = xml_firstelem (defn);
if (!*xml_attrval (defn, "name")) xml_setf (defn, "name", "test%s", xml_attrval (defn, "number"));

while (test) {
   if (xml_is (test, "test")) { /* Subtest */
      subtests++;
      p = xml_create ("run");
      if (*xml_attrval (defn, "number")) {
         xml_setf (test, "number", "%s.%d", xml_attrval (defn, "number"), subtests);
      } else {
         xml_setf (test, "number", "%d", subtests);
      }
      if (!*xml_attrval (test, "name")) xml_setf (test, "name", "test%s", xml_attrval (test, "number"));
      xml_set (p, "name", xml_attrval (test, "name"));
      xml_setf (p, "filename", "%s.act", xml_attrval (test, "name")); /* TODO: filename mask here %s.act */
      xml_append_pretty (action, p);
      compile_action_plan (test);
   } else if (xml_is (test, "setup")) { /* Setup */
      xml_append_pretty (action, xml_copy (test));
   } else if (xml_is (test, "do")) { /* Action */
      xml_append_pretty (action, xml_copy (test));
   } else if (xml_is (test, "assert")) { /* Assertion */
      assertions++;
      p = xml_copy (test);
      if (*xml_attrval (defn, "number")) {
         xml_setf (p, "number", "%s-%d", xml_attrval (defn, "number"), assertions);
      } else {
         xml_setf (p, "number", "%d", assertions);
      }
      xml_append_pretty (action, p);
   }

   test = xml_nextelem (test); /* TODO: an xml_nextelemdepthfirst would be more appropriate. */
}

xml_setf (defn,   "filename", "%s.act", xml_attrval (defn, "name")); /* TODO: filename mask here %s.act */
xml_setf (defn,   "result",   "%s.rsl", xml_attrval (defn, "name")); /* TODO: filename mask here %s.rsl */
xml_setf (action, "result",   "%s.rsl", xml_attrval (defn, "name")); /* TODO: ditto */
printf ("writing action plan %s\n", xml_attrval (defn, "filename"));
out = fopen (xml_attrval (defn, "filename"), "w");
if (out) {
   xml_write (out, action);
   fprintf (out, "\n");
   fclose (out);
}
xml_free (action);
</piece>
</item>

<item name="index.running" label="Running tests">
Once action plans are defined, they can be executed.  Each action plan generates a result object, which will be formatted
in the next phase.  Result objects have the same name as the action plan which generated them but with the extension "rsl"
(again, this is a default which
we'll want to be able to override later with a filename mask).  The action plan encodes its own result filename (determined
during compilation).
<p/>
Actions are handled
by various action handlers (naturally, it makes sense to contemplate doing this with adaptors later, but for now I'm going to
ignore that idea) and value assertions are simply data value tests.  The list of value assertions corresponds to the list of
tests in something like Perl's Test::Simple module; thus we can also generate a compact overview report of the value assertions
which were successful or unsuccessful during the course of a run, printed to stdout.
<p/>
The following code chunk receives an action filename as "filename", loads the action plan, and executes it, building a result
object as it goes.  After it's finished, it writes the result object to the appropriate file.
<piece>
FILE * file;
XML * plan;
XML * action;
XML * result;

file = fopen (filename, "r");
if (file) {
   plan = xml_read (file);
   if (plan) {
      fclose (file);
      result = xml_create ("record");
      printf ("Running action plan %s\n", xml_attrval (plan, "name"));
      action = xml_firstelem (plan);
      while (action) {
         if (xml_is (action, "run")) {
            run_action_plan (xml_attrval (action, "filename"));
         } else if (xml_is (action, "setup")) {
            if (!strcmp (xml_attrval (action, "type"), "dir")) {
               do_setup_dir (action);
            } else if (!strcmp (xml_attrval (action, "type"), "file")) {
               do_setup_file (action);
            }
         } else if (xml_is (action, "do")) {
            do_run_program (action);
         } else if (xml_is (action, "assert")) {
            printf ("Performing assertion %s\n", xml_attrval (action, "number"));
         }
         action = xml_nextelem (action);
      }
      file = fopen (xml_attrval (plan, "result"), "w");
      if (file) {
         xml_write (file, result);
         fprintf (file, "\n\n");
         fclose (file);
      } else {
         printf ("Unable to write to result file %s\n", xml_attrval (plan, "result"));
      }
      xml_free (plan);
   } else {
      fclose (file);
   }
}
</piece>
</item>

<item name="index.do_setup_dir" label="Setting up directories">
For directory setup, we first do a stat to see whether the directory already exists and that it is a directory, if so.  If not, it must be created,
and any parent directories equally so.  (To set up parent directories, we call do_setup_dir recursively.)  Directories are considered to be relative to
the local directory, and subdirectories are denoted by forward slashes (/) regardless of operating system.

<piece>
int do_setup_dir (XML * action)
{

}
</piece>
</item>

<item name="index.do_setup_file" label="Setting up files">
Setting up files is very similar.  We first make sure that the directory exists by calling do_setup_dir, and then we write the file.  The content of
the element is written to the file.

<piece>
int do_setup_dir (XML * action)
{

}
</piece>
</item>

<item name="index.do_run_program" label="Running programs">
For now, the only way we have to test anything is to run a program.  Instead of making this a simple system call, though, we build an argument list
and spawn the program, after diverting stdout and stdin into files.  The resulting files are then read into values in the result object, where they
can be tested using assertions.
</item>

<item name="index.formatting" label="Formatting action result objects">
Finally, once the action plans have been run and result objects created, we can format the results according to the instructions provided.
The resulting HTML is now a nice, readable report on whatever actions we specified.  Is this cool or what?
</item>



<item name="index.utilities" label="Utility functions">
The first useful little function is simply an error message handler for XML errors encountered while reading the test definition structure.

<piece>
void print_xml_error (const char * filename, XML * error)
{
   printf ("XML error %d: %s at line %d of '%s'.\n", xml_attrvalnum (error, "code"),
                                                     xml_attrval (error, "message"),
                                                     xml_attrvalnum (error, "line"),
                                                     filename);
}
</piece>
</item>

</litprog>


