<litprog>
<object name="build.pl" language="c" item="index"/>


<format name="index">
<html><head><title>Examples and test systems</title></head>
<body>
<h2>Examples and test systems</h2>
<center>
[ <a href="http://www.vivtek.com/wftk/discuss.pl">discussion</a> ]
</center>
<hr/>
<p/>
[##body##]

<center>
<hr width="75%"/>
<table width="75%"><tr><td><font size="-1">
This code and documentation are released under the terms of the GNU license.  They are
copyright (c) 2000-2003, Vivtek.  All rights reserved except those explicitly
granted under the terms of the GNU license.  This presentation was prepared with 
<a href="http://www.vivtek.com/lpml.html">LPML</a>.  Try literate programming.
You'll like it.
</font></td></tr></table>
</center>
</body></html>
</format>

<format name="default">
<html><head><title>Examples: [##label##]</title></head>
<body>
<h2>[##label##]</h2>
<center>
[<nbsp/><a href="[##prev##]">Previous: [##prevlabel##]</a><nbsp/>]
[<nbsp/><a href="index.html">Top: [##indexlabel##]</a><nbsp/>]
[<nbsp/><a href="[##next##]">Next: [##nextlabel##]</a><nbsp/>]
</center>

<hr/>
[##body##]


<center>
[<nbsp/><a href="[##prev##]">Previous: [##prevlabel##]</a><nbsp/>]
[<nbsp/><a href="index.html">Top: [##indexlabel##]</a><nbsp/>]
[<nbsp/><a href="[##next##]">Next: [##nextlabel##]</a><nbsp/>]
<br/><br/><hr width="75%"/>
<table width="75%"><tr><td><font size="-1">
This code and documentation are released under the terms of the GNU license.  They are
copyright (c) 2000-2003, Vivtek.  All rights reserved except those explicitly
granted under the terms of the GNU license.
</font></td></tr></table>
</center>
</body></html>
</format>



<item name="index" label="Example/test configuration build process" format="index">
The idea of this example section is not only to provide some examples of system configurations,
but also to provide a known configuration for testing.  The "build.pl" script takes the
name of an example, removes any existing repository files for it, and builds all the
directories and files needed for a fresh start.
<p/>
Each example configuration consists of a single text file in a more-or-less tar format,
so that each file or directory is specified by a single line, followed by content.
A directory is marked by a "D", an empty file by an "F", and text by a "T".  Content is
ended with a, oh, I don't know.  I like sendmail.  A period on a line by itself is a fun
way to end line-based text.  So let's do that.
<p/>
So the following spec:
<pre>
D_procdefs
Dstuff
F_taskindex
Tsystem.defn
[[site>
[[list id="stuff"/>
[[/site>
.
</pre>
creates two directories "_procdefs" and "stuff", an empty file "_taskindex", and an XML file "system.defn".
<p/>
Come to think of it, we'll also want something like an include so that we can include binary files.  We'll use "I"
for that, and consider it a single-line directive which simply copies the file into the example subdirectory.
<p/>
This presentation, then, defines a series of example repository configurations, each of which is a single file.  Those
files get moved to the "files" directory by the build process.  The build.py script can then read it as needed.  OK?  OK.
Easy.  Let's define the Perl script that actually does the work.

<piece>
</piece>
</item>



</litprog>


